id,domain,status,purchase_price,renewal_price,attractiveness,demand,length,registrar,created_at,expires_at,status_verified_at
9736b42c-30b0-47fe-b79f-a10699ebe59b,luisa.credit,available,80.2,80.2,medium,low,5,cloudflare,,,29/09/2026 05:31
8ad6a7e5-8e9e-43ae-b9a6-a2a592eb0f8c,whitney.credit,available,8.48,83,medium,low,7,spaceship,,,28/09/2026 13:59
87158b8f-4366-4d08-be5b-cffd899cdd0c,lamps.credit,available,80.2,80.2,medium,low,5,cloudflare,,,29/09/2026 11:04
43b10d12-6e78-4595-bd7b-98f4f8510770,sustained.credit,available,9.48,131.98,high,low,9,namecheap,,,18/08/2026 14:51
45e273df-6529-45a6-a6cc-14e9a262286a,crocked.credit,available,9.48,131.98,low,low,7,namecheap,,,09/08/2026 15:34
143dac20-7cb0-4197-8764-d03f2175786d,washington.credit,available,11,,high,low,10,unstoppable,,,28/09/2026 20:59
40b3930c-99c9-462f-bd92-a9d8567d987f,exited.credit,available,9.48,131.98,low,low,6,namecheap,,,02/10/2026 23:23
3f835429-74c7-43a8-af43-d46178c16f08,topping.credit,available,9.48,131.98,high,low,7,namecheap,,,11/09/2026 17:36
09b6b396-7512-4a35-b78f-d58430fd3462,inclined.credit,available,8.48,83,medium,low,8,spaceship,,,28/09/2026 21:12
eb4dc62a-5502-4c63-bc98-505746f69227,instagrammable.credit,available,11.99,,medium,low,14,name.com,,,
e31b97da-6db7-4770-b7ed-06a08e151e23,carlo.credit,available,6.69,82.9,medium,low,5,porkbun,,,28/09/2026 08:41
2aa2fe3c-2c5c-4972-a7b6-f864d8589ea4,nondrinker.credit,available,9.48,131.98,medium,low,10,namecheap,,,
fa6f6fee-1312-436e-9fb7-f71693dc238d,hardwood.credit,available,8.48,83,high,low,8,spaceship,,,01/10/2026 19:56
9029c3e3-e259-4ade-a86e-c99e661fcdff,adm.credit,available,11.49,104.99,high,low,3,namesilo,,,03/10/2026 04:02
e0779375-6d74-4a80-99e8-f5e819316eaf,rages.credit,available,9.48,131.98,low,low,5,namecheap,,,20/09/2026 11:24
13c48607-617b-4437-8798-8184a5694007,guerilla.credit,available,9.48,131.98,high,low,8,namecheap,,,22/08/2026 10:15
5f4d6f18-97f7-423b-9771-6c8dc8ff78b1,powerfully.credit,available,9.48,131.98,high,low,10,namecheap,,,15/09/2026 21:10
355727ca-d0a3-42ef-bff9-b3bb820eaab9,lorain.credit,available,9.48,131.98,medium,low,6,namecheap,,,30/09/2026 21:46
6d5b10ae-20c5-4e5b-88be-44b03e280c5a,calcic.credit,available,9.48,131.98,medium,low,6,namecheap,,,11/08/2026 13:49
509fe05c-c6b3-4821-8c00-a11a63b70dee,craven.credit,available,9.48,131.98,medium,low,6,namecheap,,,13/08/2026 05:27
252c269d-d386-489a-97ab-f0c8de3fa721,shu.credit,available,80.2,80.2,high,low,3,cloudflare,,,27/09/2026 21:11
cd09486b-e5fc-4aaa-8c02-86284808608a,prince.credit,available,6.64,84.21,high,low,6,dynadot,,,30/09/2026 07:24
b6bfe413-855f-4f10-894e-b2906963b7fe,vandalism.credit,available,8.48,83,medium,low,9,spaceship,,,29/09/2026 22:58
a49c477b-c050-404b-89a4-ab6a3e2ad623,ibn.credit,available,9.48,131.98,medium,low,3,namecheap,,,25/09/2026 21:32
23c539b9-3db9-497c-877c-2bdf47ab70ef,friction.credit,available,8.48,83,high,low,8,spaceship,,,29/09/2026 01:01
1f8c7522-d107-4caf-9580-36ab66d7d80b,catalan.credit,available,9.48,131.98,high,low,7,namecheap,,,11/08/2026 20:50
b35ca41a-e371-41af-859c-cc17ca52e3c6,multipurpose.credit,available,11.99,,medium,low,13,name.com,,,
d2cae86f-0af0-4a6d-b7ad-62beff587a39,accomplish.credit,available,8.48,83,high,low,10,spaceship,,,28/09/2026 06:55
525b67f0-31bc-44d0-97f1-8e9fa17e191a,nhs.credit,available,8.48,83,high,low,3,spaceship,,,28/09/2026 07:40
cbd56817-f4e0-4ff2-8a71-c8c8b03f20b2,freeborn.credit,available,9.48,131.98,medium,low,8,namecheap,,,18/08/2026 14:53
86d2e3d0-507e-44da-b193-d4441bb3b757,combustive.credit,available,9.48,131.98,low,low,10,namecheap,,,12/08/2026 18:42
02754ffd-18f3-4e30-b4eb-61349629f4c9,maximize.credit,available,11,,high,low,8,unstoppable,,,29/09/2026 20:44
41715a71-0365-46d2-89c2-d6e0fa8fa9a2,est.credit,available,80.2,80.2,high,low,3,cloudflare,,,28/09/2026 01:49
5984abd4-ed42-4fcd-ae9c-dc79efd3558d,birdie.credit,available,9.48,131.98,high,low,6,namecheap,,,23/09/2026 20:41
b50eb690-42cb-4a33-b424-87d9eefda30d,sapient.credit,available,9.48,131.98,high,low,7,namecheap,,,08/09/2026 18:03
cf25b8f3-fda7-4236-bc94-56eb19e46373,closed.credit,available,9.48,131.98,high,low,6,namecheap,,,12/08/2026 12:15
b0dc65a8-d3d9-4b0e-ad8c-5ffb713190a2,grim.credit,available,9.48,131.98,medium,low,4,namecheap,,,14/08/2026 11:41
0009c856-a76c-4025-8852-888dc3ab09de,epicurean.credit,available,9.48,131.98,high,low,9,namecheap,,,17/08/2026 10:40
dc4234f3-776c-48c1-b7c7-07fc993adf5b,muslim.credit,available,9.48,131.98,high,medium,6,namecheap,,,22/08/2026 10:45
6e0fb671-3006-4183-9945-f8f4e2f57a87,oslo.credit,available,11.49,104.99,high,low,4,namesilo,,,29/09/2026 06:45
a1f66622-484c-410e-89f9-86c938d98661,spellbound.credit,available,9.48,131.98,high,low,10,namecheap,,,17/08/2026 22:54
c56007ed-bf05-4768-acf6-60b9cab7c1da,gossip.credit,available,11.49,104.99,high,low,6,namesilo,,,24/09/2026 13:15
ce8dd708-f6b3-4cbe-9f6a-4a20f489feca,cole.credit,available,11.49,104.99,high,low,4,namesilo,,,25/09/2026 01:59
05a6f34b-6b3e-4831-a66f-7f084f508bc3,plank.credit,available,80.2,80.2,medium,low,5,cloudflare,,,29/09/2026 01:50
912abc43-1ac4-4a09-b527-8e41cfd39384,companionship.credit,available,11,,high,low,13,unstoppable,,,30/09/2026 22:32
c342f865-1147-4031-9386-2aca6a7fecf2,philip.credit,available,11,,high,low,6,unstoppable,,,29/09/2026 17:06
07f9ddd5-81a5-4207-a29e-768a34f75bca,grading.credit,available,11.49,104.99,high,low,7,namesilo,,,30/09/2026 01:47
88dfda2a-649d-4215-9311-8a95f28f4e09,frye.credit,available,8.48,83,medium,low,4,spaceship,,,28/09/2026 19:16
80fea9b5-5a7a-4c58-8a20-62b28f6a0275,bothersome.credit,available,,,medium,low,10,,,,
ccfe82a9-2ee0-4f75-beb8-0395dd47c712,neoliberal.credit,available,9.48,131.98,high,low,10,namecheap,,,03/09/2026 15:23
0e6ee908-7ea1-4a2d-ba87-665b8b83035b,baffled.credit,available,9.48,131.98,medium,low,7,namecheap,,,07/08/2026 11:36
4c4616f2-a6d5-4020-892d-6d2ab1eab92b,brings.credit,available,11.49,104.99,medium,low,6,namesilo,,,18/09/2026 15:15
ae0dce81-e84e-4330-8641-e2f8baf1ff6c,orgy.credit,available,11.49,104.99,medium,low,4,namesilo,,,23/09/2026 17:17
348d57f1-fc51-449f-9215-a8e4bfd6d756,fleetly.credit,available,9.48,131.98,medium,low,7,namecheap,,,14/09/2026 18:56
d911c7d9-6a8b-426f-8883-4755b957af1e,plumbers.credit,available,11.49,104.99,medium,low,8,namesilo,,,20/09/2026 11:13
76950d46-84e2-4201-b611-75445449c4ec,memorably.credit,available,9.48,131.98,medium,low,9,namecheap,,,15/09/2026 14:01
f17f752d-b47f-45e8-a5f2-bcb86d9f985a,npa.credit,available,6.69,82.9,high,low,3,porkbun,,,30/09/2026 18:11
05bcef29-ae4d-4087-892a-984b6064805f,vaults.credit,available,8.48,83,medium,low,6,spaceship,,,01/10/2026 16:15
c590e412-2d0e-4724-bc27-8fce32bda4fb,edt.credit,available,9.48,131.98,high,low,3,namecheap,,,01/10/2026 23:45
24259347-6bee-4ecb-8f3b-082ea25d6110,invention.credit,available,11,,high,low,9,unstoppable,,,28/09/2026 02:09
ada24be7-37b6-4daa-91e6-f6b96bfa74ac,copular.credit,available,9.48,131.98,medium,low,7,namecheap,,,13/08/2026 00:38
631accc9-591c-4c88-9d75-bdb265548738,miguel.credit,available,11.49,104.99,high,low,6,namesilo,,,25/09/2026 14:22
7f820964-eac2-4175-b544-db244f1592db,lynn.credit,available,11.49,104.99,high,low,4,namesilo,,,27/09/2026 07:20
36535487-8200-494d-8d0c-0e38e8accc4f,radiator.credit,available,11,,high,low,8,unstoppable,,,29/09/2026 20:06
4d6ab45c-11f3-405a-b61c-b22848291216,grants.credit,available,8.48,83,high,low,6,spaceship,,,29/09/2026 09:56
4fa7b104-a2b1-459d-be7d-71adcac1e7ad,studios.credit,available,9.48,131.98,medium,low,7,namecheap,,,18/09/2026 18:25
c5f314db-837b-4946-be21-6b6e3362b155,balkan.credit,available,11.49,104.99,high,low,6,namesilo,,,21/09/2026 22:14
f25e65b9-392e-4dee-b21f-fa76cb137b93,commix.credit,available,9.48,131.98,medium,low,6,namecheap,,,
704b4b94-dc42-43c1-b1bc-51e408594c09,distraction.credit,available,8.48,83,medium,low,11,spaceship,,,28/09/2026 16:54
63356a99-8bc6-4a2e-8ece-12325234df47,shipyard.credit,available,11,,high,low,8,unstoppable,,,30/09/2026 02:50
487b1ad4-9f27-476d-89f0-c289b66c5810,oblong.credit,available,9.48,131.98,medium,low,6,namecheap,,,03/09/2026 23:48
f25b20d1-41b5-43e6-b14c-78a844c4579e,mutagenic.credit,available,9.48,131.98,medium,low,9,namecheap,,,03/09/2026 11:37
51d598b0-9950-47d7-b476-b164759c08bf,acetin.credit,available,9.48,131.98,medium,low,6,namecheap,,,17/09/2026 00:06
35e9cc9e-124a-4eb1-951a-524c63d10b79,prevention.credit,available,9.48,131.98,high,low,10,namecheap,,,08/09/2026 14:09
43688feb-c67d-49aa-a90a-6a969fb0b518,aneuploid.credit,available,9.48,131.98,medium,low,9,namecheap,,,
1f43142e-8e13-4ad6-9688-c5206d60633e,apothegm.credit,available,9.48,131.98,medium,low,8,namecheap,,,19/09/2026 17:10
c9fbf7ca-984c-4461-8517-cf2f2e869808,profiles.credit,available,11.49,104.99,high,low,8,namesilo,,,30/09/2026 15:45
48cf878d-1d56-4402-9340-5a6abd8b370a,tempted.credit,available,11,,medium,low,7,unstoppable,,,29/09/2026 16:59
3ae430bb-479b-40da-b68b-9600588a8e4e,bishops.credit,available,11.49,104.99,low,low,7,namesilo,,,30/09/2026 23:08
357c5352-38d7-42fb-adf7-ad402c670de5,fortemente.credit,available,9.48,131.98,medium,low,10,namecheap,,,18/08/2026 12:36
66228b0f-8e42-454d-935d-686f543ec3e3,fatally.credit,available,9.48,131.98,medium,low,7,namecheap,,,14/09/2026 17:51
bd78b8fe-4715-44e4-a156-a0c85b2fc681,party.credit,available,11.49,104.99,high,medium,5,namesilo,,,19/09/2026 09:39
b3622bd2-7d26-4897-b04c-a9353b3f01c2,legible.credit,available,9.48,131.98,high,low,7,namecheap,,,22/08/2026 22:59
81f985b6-7c85-417b-80f9-69a84bc482a1,doughnut.credit,available,11.49,104.99,medium,low,8,namesilo,,,30/09/2026 14:25
8aba2fdb-2e8a-47c7-b077-06c43b330c0d,amsonia.credit,available,11.49,104.99,medium,low,7,namesilo,,,19/09/2026 00:00
b0c813e8-f105-43d7-a9f8-b851bc24a45e,deeper.credit,available,11.49,104.99,high,low,6,namesilo,,,17/09/2026 12:06
45c076f1-9689-47d7-a8df-210f68c76db1,interests.credit,available,11.99,141.99,high,low,9,name.com,,,25/09/2026 16:44
0beab748-f6bd-4cc4-8608-c0c42091d8ed,marlowe.credit,available,8.48,83,medium,low,7,spaceship,,,28/09/2026 18:43
754d430e-59a4-4d96-95a9-3931ff10edd4,scarlet.credit,available,9.48,131.98,high,low,7,namecheap,,,10/08/2026 15:12
ee510d37-2612-494f-addc-1a37854a56ba,urbanely.credit,available,11.49,104.99,medium,low,8,namesilo,,,16/09/2026 10:27
235aebd3-f9b5-4c92-a4df-cb62712b6c53,bury.credit,available,11,,high,low,4,unstoppable,,,30/09/2026 16:51
922729aa-bb12-4848-84f9-94242942193d,slew.credit,available,9.48,131.98,high,low,4,namecheap,,,25/08/2026 00:42
0621bbd0-ad4a-4f2d-997f-472202f1dd79,backpack.credit,available,8.48,83,high,low,8,spaceship,,,29/09/2026 00:17
e768fbbb-c56d-46a7-9de4-fdb8eb03d051,combined.credit,available,9.48,131.98,high,low,8,namecheap,,,12/08/2026 18:36
985055ce-2f47-4b75-9df2-a3b3f773eeeb,habitually.credit,available,9.48,131.98,medium,low,10,namecheap,,,14/09/2026 22:45
f33ec349-6ab3-4b6f-940c-dbcfce0d80d2,vectors.credit,available,11.49,104.99,medium,low,7,namesilo,,,01/10/2026 00:02
aebf772f-fbc4-420a-9e2d-b30043fdb3f6,approximately.credit,available,11.49,104.99,medium,low,13,namesilo,,,27/09/2026 08:28
592da641-f15f-42b4-9257-5cf829c54a9a,aliment.credit,available,11.49,104.99,medium,low,7,namesilo,,,18/09/2026 07:56
cfc0f6b9-3975-40a3-be47-edb63bf3076d,syncopated.credit,available,9.48,131.98,medium,low,10,namecheap,,,11/09/2026 06:19
d21af4a5-eecc-445d-b2dc-8df3dbbc3af8,soursop.credit,available,11.49,104.99,high,low,7,namesilo,,,19/09/2026 10:36
dba333ac-12b1-4561-a249-41e4bcaa1b1d,attestant.credit,available,11.49,104.99,medium,low,9,namesilo,,,21/09/2026 01:36
89666af9-ee36-4a81-a153-c0df07d1ff44,backband.credit,available,11.49,104.99,medium,low,8,namesilo,,,21/09/2026 14:57
71d142ff-bb4a-460b-ab7c-c6bea1e6fc8d,foretoken.credit,available,9.48,131.98,medium,low,9,namecheap,,,21/09/2026 03:42
186877af-389a-41e7-b8ff-f18321d30766,wintery.credit,available,9.48,131.98,medium,low,7,namecheap,,,13/09/2026 12:39
7e0c12e9-8fd6-4b3e-85b5-0abebdd58cd5,cavities.credit,available,80.2,80.2,medium,low,8,cloudflare,,,02/10/2026 11:26
2c4ea065-390e-48b1-80d6-e1c5818cf9c0,layman.credit,available,9.48,131.98,medium,low,6,namecheap,,,10/09/2026 01:24
5f176064-b74e-4ef3-a5dc-47b641cf7e23,impulses.credit,available,6.69,82.9,medium,low,8,porkbun,,,30/09/2026 14:13
e64b9822-1ac6-4541-81d5-0375f55edea5,legerity.credit,available,9.48,131.98,medium,low,8,namecheap,,,17/09/2026 17:50
80794833-420b-4202-93fe-b96998a7b584,populate.credit,available,9.48,131.98,high,low,8,namecheap,,,24/08/2026 07:48
c973ce1b-72df-4536-9821-5ae3e54c1c14,sdn.credit,available,9.48,131.98,high,low,3,namecheap,,,02/10/2026 18:47
df5aa92f-46ba-482e-a15c-689405ce8421,ruffian.credit,available,9.48,131.98,medium,low,7,namecheap,,,11/08/2026 08:41
995e2cb9-5b72-4b91-a965-431b9fa3b1ae,campestral.credit,available,9.48,131.98,medium,low,10,namecheap,,,11/08/2026 16:05
c1c57537-0824-4bdf-aea1-6a7a7ef97b49,murfreesboro.credit,available,6.64,84.21,medium,low,12,dynadot,,,02/10/2026 01:04
dd82e797-fdce-42ad-b34a-c8a40564faf3,inorganic.credit,available,9.48,131.98,high,low,9,namecheap,,,22/08/2026 06:11
88f22ce1-3b48-4165-b432-8d89db768eef,remained.credit,available,11.49,104.99,medium,low,8,namesilo,,,18/09/2026 11:23
ca1d25f8-5271-493e-b7b5-608ada385f02,southwestern.credit,available,6.64,84.21,medium,low,12,dynadot,,,01/10/2026 16:25
962a0a10-3752-4176-beda-c966e38de339,absolutely.credit,available,8.48,83,high,low,10,spaceship,,,28/09/2026 11:36
c92b5235-9f63-45a4-9f6b-d1537758bcc7,ergotic.credit,available,9.48,131.98,medium,low,7,namecheap,,,17/08/2026 12:13
9a586218-3b8a-4ada-b63b-2ec0f8a7d881,soaking.credit,available,9.48,131.98,medium,low,7,namecheap,,,14/09/2026 14:28
f62a1346-2e73-4975-891d-459d188eedc5,screwed.credit,available,8.48,83,medium,low,7,spaceship,,,28/09/2026 15:59
930013c7-0a13-41d3-bf42-9b073ed29ba0,caustic.credit,available,9.48,131.98,medium,low,7,namecheap,,,
6dc7d58b-4aaf-4173-b5d2-d83bc2cdd3d9,ungraded.credit,available,9.48,131.98,medium,low,8,namecheap,,,14/08/2026 09:06
3fe4ef8b-9701-42f6-bdcc-0bc80a1ca507,flamboyant.credit,available,11.49,104.99,high,low,10,namesilo,,,22/09/2026 12:57
a67f0faa-de14-4ff2-a2c3-069e627702a1,blear.credit,available,9.48,131.98,medium,low,5,namecheap,,,10/08/2026 14:01
a0f1c3d2-1a14-4799-b6a2-80bceacad664,bohme.credit,available,9.48,131.98,medium,low,5,namecheap,,,23/09/2026 03:34
0f612bbc-60b9-4baf-9c9d-6e564f2192ee,muhammed.credit,available,11.49,104.99,medium,low,8,namesilo,,,02/10/2026 09:49
3aa39858-23b7-43a9-870a-8604413bfa88,shaker.credit,available,8.48,83,high,low,6,spaceship,,,29/09/2026 13:29
519b0f44-b73b-4922-8d4c-672002ed4dbb,constipation.credit,available,9.48,131.98,medium,low,12,namecheap,,,02/10/2026 21:23
0794a392-7fa4-45b6-85c4-069f5cc6dad5,several.credit,available,8.48,83,high,low,7,spaceship,,,02/10/2026 03:07
04be8fc4-9b29-4fea-9732-d6d365f5db92,andesite.credit,available,11.49,104.99,medium,low,8,namesilo,,,19/09/2026 04:04
a1d9d9ba-e50f-4e23-80a9-860b0a74d36f,aspiring.credit,available,11.49,104.99,high,low,8,namesilo,,,30/09/2026 11:46
cd14279f-13e0-43fc-8784-90a57ee41ba0,disciples.credit,available,11,,high,low,9,unstoppable,,,29/09/2026 16:57
28dd35a6-ec1b-407a-9ab6-5e260d560d20,testate.credit,available,9.48,131.98,medium,low,7,namecheap,,,11/09/2026 12:00
7100da8d-48a3-432b-8263-ce0dd1235bc1,batteries.credit,available,11.49,104.99,medium,low,9,namesilo,,,27/09/2026 23:45
1114c7be-b198-4932-8b43-94abc6b29a2d,recessions.credit,available,9.48,131.98,low,low,10,namecheap,,,21/09/2026 06:29
abf1372f-3e90-47ae-ae89-7a30d1009e5a,mcdonnell.credit,available,9.48,131.98,medium,low,9,namecheap,,,27/09/2026 02:55
3cce0361-6c9f-4114-9b48-691945bb662b,esther.credit,available,11.49,104.99,high,low,6,namesilo,,,24/09/2026 06:50
6f4db087-a522-41b3-b904-8bd17758f996,sarasota.credit,available,6.64,84.21,medium,low,8,dynadot,,,28/09/2026 20:23
2bf7f167-e264-4007-a1c3-1848e28e17f5,anger.credit,available,80.2,80.2,medium,low,5,cloudflare,,,28/09/2026 21:24
4201e8e9-5d67-47d7-8358-27012795ec92,complexly.credit,available,9.48,131.98,medium,low,9,namecheap,,,14/09/2026 07:45
e3f1503a-68a9-444d-82be-7a1c29891052,ardeb.credit,available,11.49,104.99,medium,low,5,namesilo,,,20/09/2026 03:06
32ba9122-9bde-47ff-b4a5-d5559a612ca4,diplomate.credit,available,11,,high,low,9,unstoppable,,,29/09/2026 15:07
5da06145-7fa2-4397-a54a-059ccac85410,boolean.credit,available,9.48,131.98,high,low,7,namecheap,,,10/08/2026 19:12
76de05ba-fb47-4f70-9038-2a747048f8d1,carle.credit,available,11,,medium,low,5,unstoppable,,,03/10/2026 03:51
556de6df-ed53-455c-a977-2bd80b13fa4d,unscathed.credit,available,9.48,131.98,high,low,9,namecheap,,,12/09/2026 12:03
ad99f2a1-e05d-49a5-afb7-30c6f3c4672b,dac.credit,available,11,,high,low,3,unstoppable,,,30/09/2026 12:44
3bf3ef98-e08f-4d77-9b18-f3587e061827,housework.credit,available,6.64,84.21,high,low,9,dynadot,,,02/10/2026 05:21
449536de-713e-43b8-84c4-3745c56bc2e6,curiously.credit,available,8.48,83,medium,low,9,spaceship,,,28/09/2026 14:28
dd155e3c-fde4-4f46-850f-b2ef8347c1ed,mendacious.credit,available,9.48,131.98,medium,low,10,namecheap,,,24/08/2026 20:04
561106bb-a0b3-4896-aa9c-7faedcd49086,cutters.credit,available,9.48,131.98,medium,low,7,namecheap,,,01/10/2026 18:41
2bffea20-d7b6-476a-9dd4-920f02597ac3,wcw.credit,available,11.49,104.99,medium,low,3,namesilo,,,02/10/2026 10:50
dac96065-ad78-4394-951e-ade9e94a78ab,aeronautic.credit,available,9.48,131.98,high,low,10,namecheap,,,
4fd03034-c702-456c-be5d-1c054d955f2f,ehrlich.credit,available,11.49,104.99,medium,low,7,namesilo,,,29/09/2026 00:46
c97696c6-f972-46e5-8e60-81c4b097d065,shrewdly.credit,available,9.48,131.98,medium,low,8,namecheap,,,13/09/2026 22:22
3ed5c3d7-8c5a-4785-b5ba-ef0d7d903cc6,aroused.credit,available,9.48,131.98,high,low,7,namecheap,,,
050b642f-22c2-470f-8344-10fe958c61cd,abruzzi.credit,available,11.49,104.99,medium,low,7,namesilo,,,16/09/2026 17:28
fa2b0a25-5e13-4a3e-a492-4aa154cbebd6,excess.credit,available,9.48,131.98,high,low,6,namecheap,,,17/08/2026 16:06
61a2403c-9d57-4ba1-9429-8dba0c96fe30,evolving.credit,available,9.48,131.98,medium,low,8,namecheap,,,30/09/2026 06:16
17d14240-14de-4768-8fc5-79165468f1ca,octal.credit,available,9.48,131.98,medium,low,5,namecheap,,,04/09/2026 00:39
ea63d58a-b845-4e19-acbb-e9f259e955b3,prey.credit,available,11.49,104.99,high,low,4,namesilo,,,27/09/2026 13:29
dc60b9c1-37e4-4910-aef5-0421501aba61,cody.credit,available,9.48,131.98,high,low,4,namecheap,,,25/09/2026 03:39
48b31970-9c98-4808-9b7b-b6238bf1f424,buyers.credit,available,80.2,80.2,medium,low,6,cloudflare,,,29/09/2026 05:47
e247a316-916c-46df-b19c-89327df50304,allylic.credit,available,9.48,131.98,medium,low,7,namecheap,,,
dc7845b4-9894-4ef4-bc89-457e1f4eda0d,gentlemen.credit,available,11.49,104.99,high,low,9,namesilo,,,25/09/2026 17:34
efde6d6a-34fb-438f-aecc-87bfc5204feb,symmetrical.credit,available,11,,high,low,11,unstoppable,,,30/09/2026 03:46
60c7462a-ad4e-4472-9203-6e8fc8faf882,postpone.credit,available,11,,high,low,8,unstoppable,,,29/09/2026 08:12
ecacd9bf-368b-4aa8-8281-a5b410a43be5,ivy.credit,available,11.49,104.99,high,low,3,namesilo,,,29/09/2026 10:26
ea65b726-f0d4-4fb8-a065-83150ebe28fd,ridden.credit,available,11.49,104.99,high,low,6,namesilo,,,30/09/2026 23:00
cc4309b2-8464-42d2-936e-29a7de76749e,jesu.credit,available,8.48,83,medium,low,4,spaceship,,,02/10/2026 19:28
81dd2346-4334-4db1-b41a-d9ea9da85c03,yourselves.credit,available,11.49,104.99,medium,low,10,namesilo,,,03/10/2026 04:32
883b69cc-dd85-47c0-9556-7d93dd4d54ea,jazzy.credit,available,9.48,131.98,high,low,5,namecheap,,,22/08/2026 12:35
ad0a4225-8dc3-49fe-8da0-ad61b07a3c02,worlds.credit,available,11.49,104.99,high,low,6,namesilo,,,18/09/2026 17:40
5cda8176-be79-49fe-8f2e-64eee8584c64,thorns.credit,available,11.49,104.99,medium,low,6,namesilo,,,30/09/2026 23:36
205c8034-afc2-4fcd-9f6d-aee2d5c0040f,lowbred.credit,available,9.48,131.98,low,low,7,namecheap,,,10/08/2026 22:02
1497d4c5-9f55-4c24-838a-bbc080c9d615,ardea.credit,available,11.49,104.99,medium,low,5,namesilo,,,20/09/2026 03:04
f702f4dd-77c1-4d3c-8b72-17989ac1687b,tread.credit,available,11.49,104.99,high,low,5,namesilo,,,30/09/2026 02:58
b505d2d6-2272-471a-a767-3e083c34a4a8,dinners.credit,available,11.49,104.99,medium,low,7,namesilo,,,29/09/2026 05:41
2786da8c-02bc-4393-8416-933480e97763,challenged.credit,available,6.69,82.9,medium,low,10,porkbun,,,28/09/2026 11:21
7df71ebb-0298-44d0-abac-559836f72d66,glow.credit,available,9.48,131.98,high,medium,4,namecheap,,,20/08/2026 15:11
ca5a4773-5789-4a03-8867-1eedacd3f9ac,rotc.credit,available,11.49,104.99,medium,low,4,namesilo,,,29/09/2026 02:02
587e91e2-b006-4c52-8eb5-c6b73f45f6d9,malcontent.credit,available,9.48,131.98,medium,low,10,namecheap,,,14/08/2026 09:23
b3dbf7b2-5e96-4c09-891d-33eb5d069876,dress.credit,available,11.49,104.99,high,low,5,namesilo,,,24/09/2026 12:08
6386e572-d60d-46a6-8ce1-fa645f89bce4,homophobic.credit,available,9.48,131.98,medium,low,10,namecheap,,,21/08/2026 13:04
6b68496e-6e79-4150-aa47-bd7f49dc71b2,joking.credit,available,9.48,131.98,high,low,6,namecheap,,,25/09/2026 11:45
5ff3dd21-18d6-45ef-ac1f-fac4e8f18660,tenormin.credit,available,9.48,131.98,medium,low,8,namecheap,,,20/09/2026 20:11
d52431de-2229-4c53-b91e-16e571507bf0,unredeemed.credit,available,9.48,131.98,medium,low,10,namecheap,,,12/09/2026 17:55
02d10661-de86-47ea-adaa-9d2a6e5be5f9,desirous.credit,available,9.48,131.98,medium,low,8,namecheap,,,14/08/2026 03:49
653be60c-8308-44b0-9796-83f1981ad1fb,bromley.credit,available,8.48,83,medium,low,7,spaceship,,,28/09/2026 17:16
c03e1399-fb3e-47c9-b98f-93283ffcf8f2,counter.credit,available,80.2,80.2,high,low,7,cloudflare,,,01/10/2026 17:51
205db36d-c373-4e8a-b4b0-dd57f9f0d2dd,tale.credit,available,9.48,131.98,high,low,4,namecheap,,,03/09/2026 13:20
b080bc4d-3948-4aed-9c93-2d528a98e64c,mouldings.credit,available,8.48,83,medium,low,9,spaceship,,,02/10/2026 13:33
3b3d376f-eb2f-47e5-a50e-59678d83c287,unpunished.credit,available,9.48,131.98,medium,low,10,namecheap,,,12/09/2026 17:37
3b91193d-8b08-4394-9403-050e7b6a2cee,amphora.credit,available,9.48,131.98,high,low,7,namecheap,,,18/09/2026 23:34
1bd04d1b-1fac-461c-8029-4fee92892196,exist.credit,available,9.48,131.98,high,low,5,namecheap,,,30/09/2026 19:30
69b745c3-b285-40be-a162-a0df1d80a342,brisant.credit,available,9.48,131.98,medium,low,7,namecheap,,,11/08/2026 04:27
35fbfa18-d2ba-442d-8e3e-1a10df7412cd,ingrown.credit,available,9.48,131.98,medium,low,7,namecheap,,,22/08/2026 04:56
414be3dd-6f1c-4331-8b56-5b161307d205,lush.credit,available,,,high,medium,4,,,,
6bc3d20f-638e-4187-a65e-2f82bdcd211b,zygoma.credit,available,9.48,131.98,medium,low,6,namecheap,,,20/09/2026 03:03
5bc6cd1f-82ac-4562-be3a-56cbbfe36289,connect.credit,resell,,,high,medium,7,Dynadot Inc,04/04/2026 04:39,04/04/2027 04:39,02/10/2026 11:00
aee1b644-24a6-4a33-a654-def451542462,cyanobacteria.credit,available,11.49,104.99,medium,low,13,namesilo,,,02/10/2026 02:08
f3035c1f-14e3-4196-a1b8-35455bbc6b3c,commandment.credit,available,80.2,80.2,high,low,11,cloudflare,,,30/09/2026 19:53
90348d3f-1ebb-4a3d-b268-af017be27048,hawk.credit,available,80.2,80.2,high,low,4,cloudflare,,,28/09/2026 02:04
77aba220-60e5-4204-b92b-9a1646eb7065,cove.credit,available,11.99,141.99,high,low,4,name.com,,,24/09/2026 18:51
56a92d03-a270-4ab9-91f8-755bb90978af,behest.credit,available,9.48,131.98,high,low,6,namecheap,,,23/09/2026 03:29
650fb947-29c1-4c35-9ebd-97d2eb115e0e,prolonged.credit,available,9.48,131.98,high,low,9,namecheap,,,14/08/2026 18:34
1ebe41c8-6173-4341-9918-23dd36900dc6,cellar.credit,available,9.48,131.98,high,low,6,namecheap,,,22/09/2026 10:16
f48383a4-9159-41e6-b77b-5afe75b06a91,intrusion.credit,available,11.49,104.99,medium,low,9,namesilo,,,29/09/2026 00:48
7b2b2d0b-5b6c-4f3d-9afb-685a1d591f92,investor.credit,available,6.64,84.21,high,medium,8,dynadot,,,01/10/2026 14:20
940165b1-b692-4cfc-b664-36d21caabd58,mckean.credit,available,11.49,104.99,medium,low,6,namesilo,,,30/09/2026 05:34
b4de9c6e-3853-4084-84d5-26fb162b82d1,fences.credit,available,11.49,104.99,medium,low,6,namesilo,,,29/09/2026 11:21
ab08c451-bdbc-490a-8a8c-af742f252507,transposed.credit,available,9.48,131.98,medium,low,10,namecheap,,,11/09/2026 18:59
d6a098c5-7fee-45c8-b902-92894213d8b8,biryani.credit,available,11.49,104.99,high,low,7,namesilo,,,23/09/2026 20:44
cc5b7b83-fdd9-4a2c-8b20-9dbf49c10c1d,generic.credit,available,11.49,104.99,high,low,7,namesilo,,,02/10/2026 11:16
03daf2e9-bc65-4609-99f8-2bd29bb932e8,annulated.credit,available,,,medium,low,9,,,,
1a1a16c2-dd0f-4a14-859c-f277261a8829,engulf.credit,available,9.48,131.98,medium,low,6,namecheap,,,10/09/2026 19:51
757dcf6e-6f2f-431c-895c-790b6d73dae4,relate.credit,available,9.48,131.98,high,low,6,namecheap,,,07/08/2026 07:03
81e6edb2-26a6-4fc4-a42c-152db47024d7,pep.credit,available,11.49,104.99,high,low,3,namesilo,,,02/10/2026 06:03
5bc2cf56-b730-4550-9b7b-ea5576bb1831,hepburn.credit,available,8.48,83,high,low,7,spaceship,,,30/09/2026 17:34
24c7500f-243a-40a7-880b-374f0468d6a3,norman.credit,available,9.48,131.98,high,low,6,namecheap,,,03/09/2026 21:18
3610fcc7-5b5e-493d-86b2-7af691eea703,governments.credit,available,11.49,104.99,low,low,11,namesilo,,,28/09/2026 23:34
dfe06f69-696c-4e76-b441-328244502c01,liang.credit,available,80.2,80.2,high,low,5,cloudflare,,,29/09/2026 22:32
c8196fb6-cac4-4bd3-985f-7883f8f63abf,joao.credit,available,11.49,104.99,medium,low,4,namesilo,,,02/10/2026 10:59
41ce9c12-c09c-44d5-9d4d-9625d6f39439,filter.credit,available,11.49,104.99,high,low,6,namesilo,,,25/09/2026 00:06
4e29792c-c71d-4e42-a356-78a12a21a927,induced.credit,available,9.48,131.98,high,low,7,namecheap,,,22/08/2026 03:27
30c7d7c6-ee88-481f-911b-cc17e18a6314,culinary.credit,available,11.49,104.99,high,low,8,namesilo,,,19/09/2026 15:04
43544e3b-e76d-45d0-bd9e-4ea916b6679f,workfare.credit,available,11.49,104.99,medium,low,8,namesilo,,,02/10/2026 23:10
2051d17b-87eb-4e71-b66e-8884164c771a,hindenburg.credit,available,8.48,83,medium,low,10,spaceship,,,29/09/2026 19:09
b7c5c88c-6367-4821-8dc4-f7b544acc2bf,arrears.credit,available,11.49,104.99,high,low,7,namesilo,,,20/09/2026 08:55
64e944a8-12f0-4aff-a568-626f4c9d6d8b,ambages.credit,available,11.49,104.99,medium,low,7,namesilo,,,18/09/2026 16:24
8c459a2e-b8ae-4813-86a0-2b1a2518577e,scary.credit,available,9.48,131.98,high,low,5,namecheap,,,12/08/2026 05:23
6f8528dd-9d18-4eea-a995-b141fd1b4772,inspired.credit,available,9.48,131.98,high,low,8,namecheap,,,25/09/2026 09:48
9cfccf88-240c-4a52-98f8-56eb3c952db9,rocking.credit,available,6.69,82.9,high,low,7,porkbun,,,28/09/2026 15:55
6eb630d7-4e46-420d-9ce3-1fd070940f6d,ursula.credit,available,11.49,104.99,medium,low,6,namesilo,,,28/09/2026 03:44
b56ce111-98a2-4c87-9212-d8c4629e5e73,somerville.credit,available,11.49,104.99,medium,low,10,namesilo,,,27/09/2026 01:44
b9cc502b-45b5-49b0-a61a-d921a3d34b32,czech.credit,available,11.99,141.99,high,low,5,name.com,,,13/08/2026 15:01
61511d93-0b2c-4503-a924-694940e47fd8,backside.credit,available,9.48,131.98,medium,low,8,namecheap,,,09/08/2026 10:44
ef2b5ea9-8aab-41c8-92c7-c98c7d093ced,caspar.credit,available,8.48,83,medium,low,6,spaceship,,,29/09/2026 06:16
1a32b4b0-7d91-49f7-b271-b6d248859617,bearable.credit,available,9.48,131.98,medium,low,8,namecheap,,,09/08/2026 04:27
231b7131-5c0f-46d5-96e4-81dff48cb380,page.credit,available,6.69,82.9,high,medium,4,porkbun,,,30/09/2026 06:20
7b6df582-4037-4af5-a6fa-e6387383001b,implications.credit,available,8.48,83,medium,low,12,spaceship,,,29/09/2026 17:18
d32f0633-63af-4fc3-80f5-6a726d80f2ec,footle.credit,available,9.48,131.98,medium,low,6,namecheap,,,11/09/2026 08:27
1680bf17-8f0f-4e14-9e22-99979d6d24fb,bachman.credit,available,6.64,84.21,medium,low,7,dynadot,,,01/10/2026 11:51
ef8dcf2d-ed23-4e7b-902b-b1b6715db317,technologist.credit,available,8.48,83,high,low,12,spaceship,,,30/09/2026 02:33
58ac2469-7df1-470c-ac85-53ded26894e7,penis.credit,available,11,,high,low,5,unstoppable,,,30/09/2026 06:36
09e09c87-078f-4e94-9f84-49f8c1631c67,ferc.credit,available,11,,medium,low,4,unstoppable,,,01/10/2026 07:41
a6d219fc-a7da-4bd6-a21d-51202534870e,determination.credit,available,9.48,131.98,high,low,13,namecheap,,,19/09/2026 18:25
e5e328b5-7566-41cc-b718-90d2f4a282ae,excessive.credit,available,9.48,131.98,medium,low,9,namecheap,,,17/08/2026 16:15
56b5c67e-035a-4c6d-9075-75ad55644114,bascule.credit,available,11.49,104.99,medium,low,7,namesilo,,,22/09/2026 09:54
b13cb59b-8bba-41e9-8370-0c259f414101,stoically.credit,available,11.49,104.99,medium,low,9,namesilo,,,16/09/2026 07:14
af71b270-e577-439b-8d78-0efc3c40774e,perennial.credit,available,9.48,131.98,high,low,9,namecheap,,,08/09/2026 16:26
ec9968b3-ea93-471e-9977-2d0c1df30940,smothered.credit,available,9.48,131.98,medium,low,9,namecheap,,,10/09/2026 12:11
12b3c283-b0fe-4138-8f62-f50e96e3fe51,recollection.credit,available,11,,high,low,12,unstoppable,,,30/09/2026 14:16
4c1be3c2-0bd3-43dd-a75b-162cf94410aa,retinal.credit,available,9.48,131.98,high,low,7,namecheap,,,09/09/2026 15:37
47b4a1c5-b960-4512-9051-171390320cbf,measurably.credit,available,9.48,131.98,medium,low,10,namecheap,,,15/09/2026 13:50
b2a1c959-386d-4872-8e7d-d7982ed03e8c,lega.credit,available,11.49,104.99,high,low,4,namesilo,,,30/09/2026 21:45
f503bd63-9cc9-47f4-9cbb-2691432c85fd,grasshopper.credit,available,8.48,83,high,low,11,spaceship,,,30/09/2026 11:34
55db2f73-c633-45c9-9d15-2770745edf43,inception.credit,available,11.49,104.99,high,low,9,namesilo,,,29/09/2026 23:45
9f84009a-4b9e-4fc0-b864-b05222e2fcaf,cuyahoga.credit,available,11.49,104.99,medium,low,8,namesilo,,,29/09/2026 10:08
f191b697-93f8-44cd-8161-18e96bb01b2a,ascoma.credit,available,11.49,104.99,medium,low,6,namesilo,,,20/09/2026 13:22
5937ed8c-8946-4982-94cf-d468f19d24b1,sindh.credit,available,11.49,104.99,medium,low,5,namesilo,,,30/09/2026 13:12
43e0578b-7f72-4f6a-ade8-a6318cd9cfa0,texts.credit,available,11.49,104.99,medium,low,5,namesilo,,,18/09/2026 23:56
5c0f5dc5-04fd-49fa-b2a3-5336a53a78b4,rpm.credit,available,8.48,83,high,low,3,spaceship,,,02/10/2026 06:15
1c0848ba-7837-4ae6-a704-7bf4e672e69e,laconia.credit,available,11,,medium,low,7,unstoppable,,,02/10/2026 05:33
5bca9fae-95db-4c74-9a79-e5d73d489259,lanka.credit,available,11.49,104.99,high,low,5,namesilo,,,25/09/2026 15:46
0b144f38-16f2-42d3-a40e-3265088fd7e2,remote.credit,available,11,104.99,high,medium,6,unstoppable,,,03/10/2026 03:20
52778568-6a24-4955-b849-a244affe599a,solomonic.credit,available,9.48,131.98,medium,low,9,namecheap,,,10/09/2026 13:43
857d815e-693e-41cc-98d6-e4a46d920577,zeroth.credit,available,9.48,131.98,medium,low,6,namecheap,,,13/09/2026 15:14
9d94c667-4e5b-4801-bedd-877832631076,lasalle.credit,available,11.49,104.99,high,low,7,namesilo,,,28/09/2026 06:07
5dae7d99-cabb-4e3b-b202-92a76768e086,lint.credit,available,8.48,83,medium,low,4,spaceship,,,02/10/2026 15:59
b07472e0-a988-4c27-ada8-26d0ce91eb88,bordered.credit,available,9.48,131.98,medium,low,8,namecheap,,,22/09/2026 23:55
e5eebcab-7498-47a1-89e4-a7e73fe3c0b6,indulge.credit,available,11.49,104.99,high,low,7,namesilo,,,21/09/2026 13:04
98bae050-0e97-4c94-9631-50f8356e24de,buckram.credit,available,9.48,131.98,medium,low,7,namecheap,,,11/08/2026 07:31
2e2b4096-9938-479b-8d27-bb42c43d068f,painted.credit,available,11.49,104.99,high,low,7,namesilo,,,25/09/2026 23:19
544f50fd-864e-4806-8806-274066dd70cc,baric.credit,available,9.48,131.98,low,low,5,namecheap,,,08/08/2026 19:31
79c16199-8ca0-40c0-833f-ddfa16e9140d,ever.credit,available,6.69,82.9,high,medium,4,porkbun,,,28/09/2026 12:12
a8690250-7177-454e-af76-80ebc5a9d866,niki.credit,available,8.48,83,high,low,4,spaceship,,,02/10/2026 19:23
5eccbe70-f19e-4f1b-bc59-b87b11fd4eb9,eventide.credit,available,9.48,131.98,high,low,8,namecheap,,,17/08/2026 14:48
ff3a66f4-f394-477d-b7c7-e908811b5f34,betise.credit,available,11.49,104.99,medium,low,6,namesilo,,,23/09/2026 11:18
585d24bd-5b16-4f86-a677-2065cc386fe0,tied.credit,available,9.48,131.98,high,low,4,namecheap,,,22/08/2026 17:45
2511b2bb-0f4b-4788-a27f-55717841c6be,broadsheet.credit,available,9.48,131.98,high,low,10,namecheap,,,11/08/2026 05:08
17171dce-6812-4456-a1d9-c48a175d47a5,tunguska.credit,available,9.48,131.98,medium,low,8,namecheap,,,19/09/2026 05:45
5d2b034b-230e-44da-b872-c1f354109f17,talents.credit,available,11,,medium,low,7,unstoppable,,,28/09/2026 13:14
b055f668-eafb-47e2-8694-5251bc3eb313,braden.credit,available,9.48,131.98,medium,low,6,namecheap,,,01/10/2026 18:20
36f42e83-133a-457a-9933-4ddb980b3bee,misdirect.credit,available,9.48,131.98,medium,low,9,namecheap,,,13/08/2026 02:26
f5329a9b-c72a-459a-b5da-a8c3a51b91b5,brainstorm.credit,available,11.49,104.99,high,low,10,namesilo,,,24/09/2026 08:05
dded87a1-4c37-48ab-a74b-5488e5196121,steinway.credit,available,6.69,82.9,high,low,8,porkbun,,,01/10/2026 02:28
49e20318-58ff-4e5d-9dfa-0f46fc2f8eec,mackenzie.credit,available,9.48,131.98,high,low,9,namecheap,,,25/09/2026 21:54
afbe7fe6-0a3a-4c88-86f5-8b3189b15a57,sunstruck.credit,available,9.48,131.98,medium,low,9,namecheap,,,11/09/2026 02:01
d33b1716-19ab-4415-9e0a-e335a349a884,backstay.credit,available,11.49,104.99,medium,low,8,namesilo,,,21/09/2026 16:03
570c0f4f-0177-4919-ae28-1e3b8e62dcd9,adapid.credit,available,9.48,131.98,low,low,6,namecheap,,,17/09/2026 06:24
f7a5a219-22de-48c6-aa72-6ce50010e64d,estate.credit,premium,118.8,118.8,high,low,6,namesilo,,,17/09/2026 02:55
10a5a206-2744-4b4b-a063-158d5b4a5883,nano.credit,resell,,,high,medium,4,,,,29/09/2026 23:17
bca45360-54fe-4afa-acd1-1aba37937d87,dignitary.credit,available,8.48,83,high,low,9,spaceship,,,29/09/2026 14:54
4b3fa2b2-3416-4d8a-a11b-486e9a9fd6b9,clawed.credit,available,9.48,131.98,medium,low,6,namecheap,,,12/08/2026 10:02
a979c036-634a-4f26-80c6-5644faa12e6f,jazz.credit,available,11,,high,low,4,unstoppable,,,29/09/2026 20:07
14d3c735-d168-46eb-af2b-b3bb46291ec5,biggin.credit,available,11.49,104.99,medium,low,6,namesilo,,,23/09/2026 15:08
f5e0ffe8-94ab-402c-ae6e-47b6b435abc0,biddy.credit,available,9.48,131.98,medium,low,5,namecheap,,,23/09/2026 13:45
aac847c4-a9b2-428d-9195-5c99f79f1413,powerhouse.credit,available,11.49,104.99,high,low,10,namesilo,,,21/09/2026 22:33
1f67b171-e812-4261-a639-c430df854024,fonda.credit,available,80.2,80.2,medium,low,5,cloudflare,,,29/09/2026 06:57
52a8b1c7-77b8-41e7-a080-e4ac45e67c3f,fadeout.credit,available,9.48,131.98,medium,low,7,namecheap,,,09/09/2026 11:18
3834fd86-4a54-413b-aec7-87391e5e11d3,tattoo.credit,available,9.48,131.98,high,low,6,namecheap,,,27/09/2026 05:36
a69022cf-a4e1-4340-a28d-c3833bf1486f,consent.credit,available,9.48,131.98,high,low,7,namecheap,,,08/09/2026 13:17
9537298e-6feb-48dd-9620-ecf0e234bc22,surrender.credit,available,8.48,83,high,low,9,spaceship,,,28/09/2026 11:23
7ba3e33f-ed1a-4a5c-89c0-f1aa2ccf6923,entrances.credit,available,80.2,80.2,medium,low,9,cloudflare,,,30/09/2026 07:42
19fc2bda-da3f-4763-92f3-137d72a77c03,darkish.credit,available,11.99,141.99,medium,low,7,name.com,,,13/08/2026 18:14
205b3385-e455-4937-ba52-d64f8cd5fc63,landings.credit,available,11.49,104.99,medium,low,8,namesilo,,,30/09/2026 00:42
f9922c08-e8a9-4e15-9bc1-08fb3205fa8e,archdeacon.credit,available,11.49,104.99,medium,low,10,namesilo,,,20/09/2026 01:53
f6af916d-a4da-4712-95f5-69b5d9bdffb2,illiterate.credit,available,9.48,131.98,medium,low,10,namecheap,,,21/08/2026 20:03
75f85f13-a9ee-47ad-9fb1-b7a672240f01,lagrangian.credit,available,9.48,131.98,high,low,10,namecheap,,,29/09/2026 14:39
6c09e39f-9ebe-4989-ba2e-acef9f9fccdc,tap.credit,resell,,,high,medium,3,Dynadot Inc,01/06/2026 18:02,01/06/2027 18:02,27/09/2026 03:03
4ae1e713-efa7-4aef-8a61-dce2b7378e70,urgently.credit,available,9.48,131.98,medium,low,8,namecheap,,,14/09/2026 12:07
fe0f0327-e141-40cb-927c-45f1825f54a1,overladen.credit,available,9.48,131.98,medium,low,9,namecheap,,,04/09/2026 20:51
a1eda5bb-d869-414b-8800-351411bfd899,terrence.credit,available,80.2,80.2,medium,low,8,cloudflare,,,29/09/2026 21:50
55c46555-5949-4a88-a022-ba39de8d27f3,richey.credit,available,8.48,83,medium,low,6,spaceship,,,02/10/2026 01:53
a0a6809a-88bd-4662-a6c3-d407e89c4d22,addled.credit,available,9.48,131.98,medium,low,6,namecheap,,,
651201f4-4e0a-4002-9447-0202e42d3c24,barnyard.credit,available,9.48,131.98,high,low,8,namecheap,,,22/09/2026 06:58
002f7c3c-d124-4dca-b56b-42de1aec4643,larkin.credit,available,9.48,131.98,high,low,6,namecheap,,,27/09/2026 23:26
9d28f866-fc08-4446-94b4-4f115d289289,owed.credit,available,6.69,82.9,high,low,4,porkbun,,,27/09/2026 17:35
0500f911-2b2e-476a-b734-ff7937ae398d,wistful.credit,available,9.48,131.98,high,low,7,namecheap,,,13/09/2026 12:45
85446e33-6dab-4123-b0ce-355f1854238b,geothermic.credit,available,9.48,131.98,medium,low,10,namecheap,,,18/08/2026 22:41
21632d1b-0297-4465-9977-891c5cd45d0d,revolutionary.credit,available,11.49,104.99,high,low,13,namesilo,,,28/09/2026 07:08
9f9d9df6-8a80-40f2-b6b0-c607adc04f33,janitor.credit,available,11,,medium,low,7,unstoppable,,,28/09/2026 19:32
ac15fd1e-f9da-4740-958d-6740e9172bbe,labelled.credit,available,9.48,131.98,medium,low,8,namecheap,,,22/08/2026 17:15
af067105-607c-42fc-b276-176c11ab9214,sketchy.credit,available,9.48,131.98,high,low,7,namecheap,,,10/09/2026 09:18
f8717ec3-b6e6-4526-820d-41e1ee61146f,serial.credit,available,9.48,131.98,high,low,6,namecheap,,,21/08/2026 23:54
d3b7224e-940a-42e8-bdfe-3a09729de62b,abnormally.credit,available,9.48,131.98,medium,low,10,namecheap,,,13/09/2026 16:24
db6c93f7-a97a-4d14-9e8a-82d0c948226a,bulletin.credit,available,11.49,104.99,high,low,8,namesilo,,,24/09/2026 11:08
3fb8b4a6-4e87-4421-894f-c2475b6d9e06,dopy.credit,available,9.48,131.98,low,low,4,namecheap,,,14/08/2026 16:02
c8d57721-ad4e-4ff5-810c-daaf08c51905,motorsports.credit,available,9.48,131.98,high,low,11,namecheap,,,17/09/2026 11:52
01c555ad-8497-46aa-870d-1237e1b99d18,midwinter.credit,available,8.48,83,medium,low,10,spaceship,,,02/10/2026 19:08
35ae5a71-0f85-4ca5-9d41-891795239bc5,management.credit,available,9.48,131.98,high,low,10,namecheap,,,19/09/2026 14:24
35d8b516-7ed1-48c1-86ce-ae1e2008a392,baronet.credit,available,9.48,131.98,high,low,7,namecheap,,,22/09/2026 07:28
3ab74a2f-733f-4881-95b0-d9cd1fc1ee47,sergey.credit,available,6.64,84.21,medium,low,6,dynadot,,,29/09/2026 04:18
d19071d5-b7de-4b26-8e74-93f08b5ebce7,prunus.credit,available,8.48,83,high,low,6,spaceship,,,30/09/2026 01:43
65f2f86a-5a85-49a5-a47a-8586ec1544d3,backslider.credit,available,11.49,104.99,medium,low,10,namesilo,,,21/09/2026 15:58
25d3e2d5-e864-4b65-96ac-68a1b163c686,implacable.credit,available,9.48,131.98,medium,low,10,namecheap,,,21/08/2026 22:31
4a00d33b-74a7-4d0b-bdf5-d35f3ed36181,arendt.credit,available,11.49,104.99,medium,low,6,namesilo,,,20/09/2026 03:43
0d9a6726-a6f8-409f-8819-5160eceed49c,sunnily.credit,available,9.48,131.98,medium,low,7,namecheap,,,14/09/2026 06:41
e898b248-6500-4556-ac34-316407a6d8dc,locker.credit,available,9.48,131.98,high,low,6,namecheap,,,25/09/2026 06:06
c125c57d-1f24-4150-bc12-51b612e805c2,whispering.credit,available,9.48,131.98,high,low,10,namecheap,,,03/09/2026 11:10
b273a501-146f-41dc-9ef9-8af38ea2f631,crustacean.credit,available,9.48,131.98,high,low,10,namecheap,,,13/08/2026 09:19
bad980a2-594c-4217-a781-40f490a0917a,airmanship.credit,available,11.49,104.99,medium,low,10,namesilo,,,17/09/2026 23:16
4fc60011-fdea-47e8-a505-fbc29da907d6,ciao.credit,available,11.49,104.99,high,low,4,namesilo,,,18/09/2026 13:10
d31993dc-f981-4190-940d-2ba2949d8c7a,bittern.credit,available,11.49,104.99,medium,low,7,namesilo,,,23/09/2026 23:02
b54964b8-b51c-409c-b882-aedc564570a4,squander.credit,available,9.48,131.98,high,low,8,namecheap,,,13/09/2026 08:34
eb71a4cf-6656-4d9a-a7c0-b5c37d46f1d8,mela.credit,available,9.48,131.98,high,low,4,namecheap,,,01/10/2026 22:20
cb948f2f-09de-4040-9441-56ac42040b52,nidifugous.credit,available,9.48,131.98,low,low,10,namecheap,,,03/09/2026 17:08
65487687-2f5a-42ec-873d-052901bb5926,famously.credit,available,9.48,131.98,high,low,8,namecheap,,,14/09/2026 16:46
09f1d504-ba07-44ad-b058-aa3dadf7536e,shoots.credit,available,11.49,104.99,high,low,6,namesilo,,,28/09/2026 03:32
c6a7663b-ae1c-4f4a-b1d7-827fa4ec96d5,swing.credit,available,8.48,83,high,low,5,spaceship,,,28/09/2026 02:11
b3b927a9-571e-42ea-92c2-b074a49c02c2,huntsville.credit,available,11.49,104.99,high,low,10,namesilo,,,27/09/2026 04:30
05ac84fa-7680-4e5c-9c21-6578b728e4e2,krypton.credit,available,11.49,104.99,medium,low,7,namesilo,,,20/09/2026 22:56
4280f2bc-f38e-4bfc-b088-da674f7c73e8,agitated.credit,available,9.48,131.98,medium,low,8,namecheap,,,
3f9cc5dc-2672-4ca5-b9a6-c8a9fc6c6586,allopathic.credit,available,9.48,131.98,medium,low,10,namecheap,,,
60ae791c-c4e7-4e10-aa8b-79f7f6b5e3fa,stars.credit,available,11.49,104.99,high,low,5,namesilo,,,02/10/2026 09:21
b5395c1a-23e8-42cd-9016-41328b25184a,illusional.credit,available,9.48,131.98,medium,low,10,namecheap,,,21/08/2026 20:11
80a473c8-dd15-4d64-9920-bb0988b4168c,danceable.credit,available,11.99,141.99,medium,low,9,name.com,,,13/08/2026 16:59
8ab2e0a1-4307-47ee-a929-cc16c1791a61,exits.credit,available,80.2,80.2,medium,low,5,cloudflare,,,28/09/2026 17:05
7e60a0a4-39f2-4798-a5da-82857102a163,ruddy.credit,available,9.48,131.98,high,low,5,namecheap,,,10/08/2026 14:59
4db98704-b0ab-4073-b121-bc83251c2260,bluish.credit,available,11.49,104.99,high,low,6,namesilo,,,22/09/2026 22:47
7281babb-47ea-475f-885d-3e0cd816c920,backrest.credit,available,11.49,104.99,medium,low,8,namesilo,,,21/09/2026 15:47
e3e11374-0b99-4d0e-a3ef-0f76b33e08b3,mehmet.credit,available,80.2,80.2,medium,low,6,cloudflare,,,30/09/2026 20:59
3dab1e26-1e3d-40a6-a59c-750493c1eacd,torn.credit,available,11.49,104.99,high,low,4,namesilo,,,25/09/2026 16:39
efb04618-ef01-4556-891d-1c91b142b131,injurious.credit,available,9.48,131.98,medium,low,9,namecheap,,,14/08/2026 00:30
8b545fef-1a29-4da1-9e64-50ce4a07ea70,peptic.credit,available,9.48,131.98,medium,low,6,namecheap,,,08/09/2026 15:53
dcda868d-352b-4154-81d3-d927c0ca8617,xoxoxo.credit,available,8.48,83,high,low,6,spaceship,,,02/10/2026 03:06
a14aec7f-1400-42ef-83a6-ccc5681833d7,caused.credit,available,9.48,131.98,medium,low,6,namecheap,,,25/09/2026 18:57
d04606c9-0bad-4b42-8bb6-f6a3c3e1cdf6,averment.credit,available,11.49,104.99,medium,low,8,namesilo,,,20/09/2026 16:16
6034329f-26b5-4a7e-9095-96f0e553350a,cathodic.credit,available,9.48,131.98,medium,low,8,namecheap,,,11/08/2026 21:56
1dcad904-9e7b-4e05-a57b-53e697abcc0e,berg.credit,available,9.48,131.98,high,low,4,namecheap,,,18/09/2026 02:21
1bd648a1-0be9-42b1-9f05-0ac1217c3969,gansu.credit,available,6.69,82.9,medium,low,5,porkbun,,,01/10/2026 02:15
55a9db8f-8699-42b8-8384-4e41996530b0,undeserved.credit,available,9.48,131.98,medium,low,10,namecheap,,,12/09/2026 07:43
2d16ed0d-62c6-4fda-a10c-7186d89767d6,honeybee.credit,available,11.49,104.99,high,low,8,namesilo,,,19/09/2026 17:30
942fc325-a8bf-4d21-9b97-17360aee6929,hearts.credit,available,8.48,83,high,low,6,spaceship,,,29/09/2026 22:26
a007ee92-ddf7-4be6-8bda-b614735b754c,athenian.credit,available,9.48,131.98,medium,low,8,namecheap,,,07/08/2026 13:08
08e14b5e-d3e9-4d2e-b2fb-4fe729a40e16,psalm.credit,available,9.48,131.98,high,low,5,namecheap,,,01/10/2026 21:24
89f6ace6-ef19-483e-b04d-3e6f881785db,verb.credit,available,9.48,131.98,high,low,4,namecheap,,,30/09/2026 14:26
0d35fc41-ecb7-4cc4-906c-d4dc5d6a618a,ebonics.credit,available,11.99,141.99,medium,low,7,name.com,,,16/09/2026 13:39
cc2af133-86d3-4c14-a505-73652b313ffb,failure.credit,available,9.48,131.98,high,low,7,namecheap,,,25/09/2026 22:41
3f0b056d-2d0a-4e9c-9162-b5aa33917e9b,heroes.credit,available,11.49,104.99,high,low,6,namesilo,,,17/09/2026 22:48
8ff2b8c4-3f1f-4b61-ac86-c0e3d77ba895,natality.credit,available,9.48,131.98,medium,low,8,namecheap,,,23/09/2026 21:04
461c4676-a36c-44ef-a0bc-17fdb09ae6b1,flesh.credit,available,9.48,131.98,high,low,5,namecheap,,,25/09/2026 21:58
1208e754-c2e6-4f2d-809a-32b1fabfacba,shingle.credit,available,80.2,80.2,high,low,7,cloudflare,,,01/10/2026 21:39
bb1ee185-86ce-4ef7-a667-7902a34262cf,axon.credit,available,11.49,104.99,high,low,4,namesilo,,,21/09/2026 10:30
d57973b6-9b40-4329-bf8e-2d5555443ffa,renowned.credit,available,9.48,131.98,high,low,8,namecheap,,,11/08/2026 23:18
b185ea5d-91fc-4edb-a4bf-bdfae4299ebe,guinness.credit,available,9.48,131.98,high,low,8,namecheap,,,18/09/2026 04:41
57162eb6-e781-4bca-899f-2d3384c23ff9,curium.credit,available,11.49,104.99,medium,low,6,namesilo,,,21/09/2026 00:13
23081c07-bba6-4a94-97c4-2833a20c8c80,sailor.credit,available,80.2,80.2,high,low,6,cloudflare,,,29/09/2026 03:02
e8fe7ac5-7737-4e30-9874-34c7e7e1e256,ramate.credit,available,9.48,131.98,medium,low,6,namecheap,,,11/08/2026 02:17
389698e8-aae8-4040-8909-bdeca05e58ff,pernickety.credit,available,9.48,131.98,medium,low,10,namecheap,,,08/09/2026 17:52
50583af2-7bd8-45fb-a557-7a839a78f34c,martina.credit,available,11,,high,low,7,unstoppable,,,29/09/2026 15:21
8dec8e6d-6c67-41f7-be9a-33ef5ceb7117,unshadowed.credit,available,9.48,131.98,medium,low,10,namecheap,,,12/09/2026 19:29
35803ef4-ede9-4fda-ad19-dc1bc003f094,anabas.credit,available,11.49,104.99,medium,low,6,namesilo,,,19/09/2026 00:49
f616d795-a172-4b01-8e04-32dc7a506ce5,summons.credit,available,11.49,104.99,high,low,7,namesilo,,,29/09/2026 08:10
2900ea86-63a6-4a07-aa49-0070b91b4aa3,extant.credit,available,9.48,131.98,medium,low,6,namecheap,,,17/08/2026 18:56
c420968e-c7da-434c-a831-97e56715bcc4,antiquark.credit,available,11.49,104.99,medium,low,9,namesilo,,,19/09/2026 15:02
789d96b0-4e2c-4ec7-82e7-ec9d7dea161f,wineberry.credit,available,11.49,104.99,medium,low,9,namesilo,,,20/09/2026 05:57
f91d0309-f7ad-439f-98f1-8c9dbccd365b,probe.credit,available,8.48,83,high,low,5,spaceship,,,28/09/2026 10:09
4191b493-0b9a-4923-945e-df29a7f02f61,grandson.credit,available,80.2,80.2,high,low,8,cloudflare,,,29/09/2026 21:28
e8ea5c19-ba01-4738-b9e4-9743730887c2,referable.credit,available,9.48,131.98,medium,low,9,namecheap,,,07/08/2026 01:28
13021522-caf9-49f8-b42e-2e8d20f1a3b1,parvenu.credit,available,9.48,131.98,medium,low,7,namecheap,,,03/09/2026 22:14
81df0fbc-28b2-42db-b535-44c757298180,completing.credit,available,11.49,104.99,high,low,10,namesilo,,,23/09/2026 17:20
0400b72e-01f9-40e5-8bab-4c62db2eb551,stokes.credit,available,11.49,104.99,medium,low,6,namesilo,,,28/09/2026 22:21
28153746-bc51-430f-a14e-4c21f04bc776,pembroke.credit,available,11.49,104.99,medium,low,8,namesilo,,,02/10/2026 16:22
9ca62575-fb18-4d40-90c4-bf66a467cbe3,brusque.credit,available,9.48,131.98,medium,low,7,namecheap,,,11/08/2026 07:02
ea45279b-e149-4cef-bcde-1ad54ed5587c,stallion.credit,available,11.49,104.99,high,low,8,namesilo,,,24/09/2026 14:09
50312a6b-0c0f-42a4-a3c0-2f76fda3ec00,cleanser.credit,available,9.48,131.98,high,low,8,namecheap,,,24/09/2026 15:26
34ba9e89-b296-416c-9836-37a5829d419b,marie.credit,available,11.49,104.99,high,low,5,namesilo,,,25/09/2026 17:44
f630062f-ce87-4a07-9a0b-975353738cfd,brain.credit,resell,,,high,medium,5,"Sav.com, LLC",25/08/2025 20:25,25/08/2027 20:25,29/09/2026 03:55
ec99aa0f-a0a7-4a09-9c5b-96dc59998e70,beria.credit,available,11.49,104.99,medium,low,5,namesilo,,,23/09/2026 09:22
63faac5c-ba94-45d6-bfc4-ad461b812c1f,dot.credit,premium,118.8,118.8,high,medium,3,namesilo,,,19/09/2026 16:13
3d73a5e2-5a69-4d6a-bd71-a956c1066ed8,philippa.credit,available,9.48,131.98,high,low,8,namecheap,,,01/10/2026 08:16
789b6f56-9630-4ade-a548-020808871244,obtuse.credit,available,11.49,104.99,medium,low,6,namesilo,,,24/09/2026 12:17
39af6b6c-56c4-4d53-8d37-cff545eb68b8,allargando.credit,available,9.48,131.98,medium,low,10,namecheap,,,
4d06a827-a4a2-4e0f-9b4d-913ee08535cb,mortars.credit,available,11.49,104.99,low,low,7,namesilo,,,21/09/2026 02:28
d356e8ec-b65b-4718-9475-5859116463b7,flap.credit,available,11.49,104.99,high,low,4,namesilo,,,24/09/2026 23:15
6df7b25d-3e5f-4e7e-9cc9-37f58447efe0,urgency.credit,available,8.48,83,high,low,7,spaceship,,,29/09/2026 19:17
c51fb7c2-0e4a-4a3a-83f4-11688f7a51f3,seashore.credit,available,11.49,104.99,high,low,8,namesilo,,,02/10/2026 14:41
b3610f5e-e8d3-4a28-baf8-4b923c63e330,passengers.credit,available,9.48,131.98,medium,low,10,namecheap,,,27/09/2026 02:28
3d4c14e2-d887-42d1-806d-cc89e3fabdfb,decorous.credit,available,9.48,131.98,medium,low,8,namecheap,,,09/08/2026 06:21
e6489787-7138-4739-b689-7f3679495965,calling.credit,available,11.49,104.99,high,low,7,namesilo,,,24/09/2026 11:48
5d7170b4-0992-4eb9-9253-cadedb516110,rarer.credit,available,11.49,104.99,medium,low,5,namesilo,,,20/09/2026 08:12
9bd7f4f8-6c2d-4a99-8679-85f5240a7247,detoxify.credit,available,11.49,104.99,high,low,8,namesilo,,,29/09/2026 14:25
665f97db-0eb2-4886-8bb1-322cd99fc4b0,turbid.credit,available,9.48,131.98,medium,low,6,namecheap,,,25/08/2026 01:10
dd80501a-6a67-4326-b1a5-963b0ce35763,amusing.credit,available,9.48,131.98,high,low,7,namecheap,,,
4758ac60-9293-4562-972f-eae378e2fba3,corridors.credit,available,11.49,104.99,medium,low,9,namesilo,,,30/09/2026 15:34
9afea7c3-7d51-40f6-ba84-7ccb7ec84372,antibiotic.credit,available,11.49,104.99,high,low,10,namesilo,,,22/09/2026 06:14
66d5a921-40ef-4d64-b115-22561045e254,sponsoring.credit,available,80.2,80.2,high,low,10,cloudflare,,,01/10/2026 18:41
f9f5d4af-eb0c-4231-acc9-71cde2520391,mysticism.credit,available,11.49,104.99,medium,low,9,namesilo,,,03/10/2026 01:41
dbffe4d4-c02d-4e22-bf4c-8e75ec8df8cb,maurer.credit,available,8.48,83,medium,low,6,spaceship,,,30/09/2026 07:54
b9e3aa1c-be6e-46bb-8960-f2dbbdabd6d7,gained.credit,available,8.48,83,low,low,6,spaceship,,,28/09/2026 08:35
a0706e48-3159-4e03-977d-80014bc4692e,cropped.credit,available,9.48,131.98,medium,low,7,namecheap,,,13/08/2026 07:53
9421b885-0478-46ac-b802-30c36edb08e4,rabies.credit,available,11,,medium,low,6,unstoppable,,,29/09/2026 19:34
b9a2a470-c91f-4205-a2fe-89ba04ac32db,expansion.credit,available,6.69,82.9,high,low,9,porkbun,,,28/09/2026 19:05
dc4ed5de-1c58-44e6-851f-0b026b45db7b,touchdowns.credit,available,11.49,104.99,high,low,10,namesilo,,,19/09/2026 23:06
2f86a629-584f-479b-9aad-3873ea182eee,vegetal.credit,available,9.48,131.98,medium,low,7,namecheap,,,13/09/2026 01:42
71009bfb-7394-441b-b6fb-c669495c732a,elapsed.credit,available,9.48,131.98,medium,low,7,namecheap,,,16/08/2026 00:41
2b874c9f-0e4d-4f77-8a20-d6336e1ad521,punctually.credit,available,9.48,131.98,medium,low,10,namecheap,,,14/09/2026 14:45
ec86949d-bd2a-4628-8440-abdaaba22031,baud.credit,available,11.49,104.99,medium,low,4,namesilo,,,22/09/2026 16:32
6898d585-a696-4f26-af67-4ffeffc1800b,splashed.credit,available,11.99,141.99,high,low,8,name.com,,,13/08/2026 15:18
37b257ed-56fb-4d5d-8fe6-e9e9f3700abb,bayonet.credit,available,9.48,131.98,medium,low,7,namecheap,,,22/09/2026 18:04
45e8608e-57ef-4e23-a1a6-e5dee959d318,ince.credit,available,11.49,104.99,medium,low,4,namesilo,,,30/09/2026 21:44
1db02e10-35f9-43a5-994b-283b0d7e0ac2,bangladeshi.credit,available,8.48,83,high,low,11,spaceship,,,30/09/2026 03:22
4cc00b9c-08ac-48de-9787-298f08b9ad35,preparatory.credit,available,11.49,104.99,high,low,11,namesilo,,,02/10/2026 11:28
51f15efb-e2ba-4ae8-b217-f9525e15fb75,sikkim.credit,available,80.2,80.2,medium,low,6,cloudflare,,,30/09/2026 02:52
45f32980-1367-45d0-b6ab-262b913c4a21,journalism.credit,available,11.49,104.99,high,low,10,namesilo,,,30/09/2026 00:56
df1c9284-65f3-47d4-81b8-1b8de0e168a8,breakfast.credit,available,9.48,131.98,high,low,9,namecheap,,,04/09/2026 13:27
65d84ac7-52e6-4ef1-bc9b-1541e12c5602,elegantly.credit,available,9.48,131.98,medium,low,9,namecheap,,,14/09/2026 15:17
615f422c-1bd8-45fb-ad1c-7e91f06f4085,ear.credit,available,11.49,104.99,high,low,3,namesilo,,,29/09/2026 17:25
8c2ef9ae-2220-48c0-a7bb-431f7a0493ba,arroyo.credit,available,11.49,104.99,medium,low,6,namesilo,,,20/09/2026 09:33
303b8c5c-0cef-4213-8f45-8418af2c0bf4,harry.credit,available,8.48,83,high,low,5,spaceship,,,29/09/2026 07:09
4d5e8498-f4d9-492d-95e9-754bfbb888e1,listened.credit,available,9.48,131.98,medium,low,8,namecheap,,,25/09/2026 19:45
7367a9ff-e19b-4d4a-93dc-685f3afc1488,lao.credit,available,9.48,131.98,high,low,3,namecheap,,,22/08/2026 19:34
ec240296-9300-4610-8584-1b281a44aa91,closeout.credit,available,11.99,,high,low,9,name.com,,,
614d7620-8251-4e23-8cbb-3d266e87e2ff,malpractice.credit,available,9.48,131.98,medium,low,11,namecheap,,,01/10/2026 15:32
c1ce0bdb-fad2-4c54-8f75-4a7cf62631db,spacetravel.credit,available,11.99,,high,low,12,name.com,,,
1dc40052-7c6f-405d-bad5-a759036f83ba,lunger.credit,available,9.48,131.98,medium,low,6,namecheap,,,12/08/2026 23:06
2dfc12bc-cc86-4cd0-9ef0-02b23c19a2ce,assault.credit,available,11.49,104.99,medium,low,7,namesilo,,,20/09/2026 15:48
6470f465-6e70-410b-9fde-8bf0a181c8c7,mendoza.credit,available,11.49,104.99,medium,low,7,namesilo,,,27/09/2026 07:53
d9a153f1-54b7-467e-b24a-ae1c68928ddd,noise.credit,available,80.2,80.2,high,low,5,cloudflare,,,29/09/2026 22:07
44805500-5461-421b-87ed-350f4516177c,aims.credit,available,8.48,83,medium,low,4,spaceship,,,30/09/2026 06:57
e4c16ed0-df17-4845-a404-98738870c92e,haste.credit,available,11.49,104.99,high,low,5,namesilo,,,27/09/2026 17:08
abecea0d-05d1-42a0-9d28-ce8ce2cc5eef,aiai.credit,available,9.48,131.98,high,low,4,namecheap,,,17/09/2026 20:43
09fa2d22-3166-495b-8156-2802ed20de7b,frictional.credit,available,9.48,131.98,medium,low,10,namecheap,,,18/08/2026 15:28
5dd277bf-043f-4151-84c6-1d02ad17a519,disparate.credit,available,9.48,131.98,medium,low,9,namecheap,,,14/08/2026 11:52
da325e09-23f7-42e0-8924-240c2cc103c0,used.credit,available,11.49,104.99,high,low,4,namesilo,,,25/09/2026 07:44
8ab01b90-ec3b-45db-9d5c-942a7d322391,grinding.credit,available,80.2,80.2,medium,low,8,cloudflare,,,28/09/2026 19:23
9c77386d-228b-4b6f-ac20-63d2de44474e,bellowing.credit,available,11.49,104.99,medium,low,9,namesilo,,,23/09/2026 06:18
a386a476-8401-47f6-9e7d-a0f97b0d7341,armchair.credit,available,11.49,104.99,high,low,8,namesilo,,,20/09/2026 06:33
77c3fec0-a173-4596-adab-27fa587ef7cf,arum.credit,available,9.48,131.98,medium,low,4,namecheap,,,06/08/2026 20:20
39d9f4a1-93a3-4bd2-a36b-eec02286e933,vagina.credit,available,11.49,104.99,high,low,6,namesilo,,,28/09/2026 15:31
d319532f-5be2-4dba-b72c-0f58d609aa50,refugee.credit,available,8.48,83,high,low,7,spaceship,,,28/09/2026 20:17
33540c68-f21f-4bb5-a3cd-d5eae11495c9,suzhou.credit,available,6.69,82.9,medium,low,6,porkbun,,,02/10/2026 20:01
b0155fbc-b9c2-4a31-a2e7-5826d0e0d35a,magnetized.credit,available,9.48,131.98,medium,low,10,namecheap,,,24/08/2026 13:04
4b4e35b2-4711-4160-9de1-021f61659a72,produce.credit,available,8.48,83,high,low,7,spaceship,,,29/09/2026 20:43
8c2521fc-f5c7-4b2f-8edc-a8b63b3f367e,winsomely.credit,available,9.48,131.98,medium,low,9,namecheap,,,14/09/2026 15:43
ebb4aaf4-c354-4ecb-a098-c72be4579fce,flavourful.credit,available,9.48,131.98,medium,low,10,namecheap,,,18/08/2026 07:06
25ed0074-2072-4aab-8d2e-821d6150cfc2,blackmail.credit,available,11.49,104.99,high,low,9,namesilo,,,24/09/2026 02:52
02b61521-f439-4ced-8483-fa1a1b6d3efa,mahogany.credit,available,6.64,84.21,high,low,8,dynadot,,,01/10/2026 18:51
f4bd3e88-fedc-47af-a3e8-9192ddc4e8dd,jena.credit,available,11.49,104.99,medium,low,4,namesilo,,,22/09/2026 15:18
364536af-a82a-43bd-82a5-80858f2b3504,dextrous.credit,available,9.48,131.98,medium,low,8,namecheap,,,13/08/2026 23:53
fe1a3afb-f019-4b8e-a6c8-75d94d07a94a,interior.credit,available,11.49,104.99,high,low,8,namesilo,,,25/09/2026 09:38
83afafc4-5b74-49a2-8d68-cec8cb2890e5,shenyang.credit,available,8.48,83,high,low,8,spaceship,,,02/10/2026 04:49
5556f43e-1a43-4c18-9f86-72a4398af59f,pms.credit,available,6.69,82.9,high,low,3,porkbun,,,02/10/2026 16:24
0eaaa333-ffaa-4bb4-a163-10611ed778ea,khrushchev.credit,available,11,,medium,low,10,unstoppable,,,03/10/2026 01:25
64ac7893-7242-4495-8817-e2d5c41177ad,vadim.credit,available,6.64,84.21,medium,low,5,dynadot,,,02/10/2026 19:06
8d5a5910-d447-4a87-b733-622969c46323,parks.credit,available,8.48,83,high,low,5,spaceship,,,30/09/2026 06:26
560abb7b-8aaf-4219-93fd-caf5266d39e1,gardiner.credit,available,11.49,104.99,medium,low,8,namesilo,,,25/09/2026 06:17
ee5fbae7-7e6b-45ff-8aea-e0287f211481,flier.credit,available,9.48,131.98,high,low,5,namecheap,,,11/08/2026 05:10
f8af3f4a-1616-4971-9cc3-b46b92322c58,acold.credit,available,9.48,131.98,medium,low,5,namecheap,,,
1508138b-8b16-4eff-9990-f0164e0ec310,paschal.credit,available,9.48,131.98,medium,low,7,namecheap,,,08/09/2026 02:20
80f11266-4945-40bf-8c05-991b62a4723a,sniff.credit,available,8.48,83,high,low,5,spaceship,,,30/09/2026 11:21
6fdcf217-20a0-4c95-9e81-cf083d4b0aab,checked.credit,available,9.48,131.98,high,low,7,namecheap,,,12/08/2026 03:36
ccdef0e5-23b2-44cf-b5c2-f45a6b8530ac,antalya.credit,available,9.48,131.98,high,low,7,namecheap,,,17/09/2026 06:10
8b817919-7d2b-44c9-b4c9-db7ab162f5eb,swords.credit,available,11.99,,medium,low,6,name.com,,,
2de18015-cb66-4f84-a0ff-642612fa5a74,crispy.credit,available,9.48,131.98,high,low,6,namecheap,,,13/08/2026 07:23
aba8d152-5fd1-434c-8902-4f983e609630,letter.credit,available,8.48,83,high,low,6,spaceship,,,01/10/2026 16:52
a688be28-9195-4147-a993-82044ba2888d,coil.credit,available,9.48,131.98,high,low,4,namecheap,,,10/09/2026 15:52
c88ad536-8ae2-4c88-957a-c0bf22098b3e,stealing.credit,available,9.48,131.98,medium,low,8,namecheap,,,11/09/2026 13:24
e89c93b6-962d-43fa-b463-f388c51e10fc,likeable.credit,available,9.48,131.98,high,low,8,namecheap,,,23/08/2026 06:11
23796649-a207-479d-8c3e-2e9a52655aa0,celebrations.credit,available,9.48,131.98,medium,low,12,namecheap,,,01/10/2026 18:40
bec8e79b-a935-4025-905a-8c0079ffa6c3,plebeian.credit,available,9.48,131.98,medium,low,8,namecheap,,,08/09/2026 21:00
52731072-f8a6-4ea9-8aaf-46bc240a85f9,oppressive.credit,available,9.48,131.98,medium,low,10,namecheap,,,04/09/2026 16:52
552b332c-a60c-4634-94d9-ed465990c0f6,dwindling.credit,available,9.48,131.98,medium,low,9,namecheap,,,14/08/2026 21:48
b23ac96b-de95-4db0-b62e-0a4633ac3feb,prowess.credit,available,11.49,104.99,high,low,7,namesilo,,,20/09/2026 11:56
9e512353-1b98-433a-b613-bd5dff8513ec,demo.credit,available,9.48,131.98,high,medium,4,namecheap,,,27/09/2026 05:08
f74729b2-e9ad-4182-b782-5152552d2bec,inexplicit.credit,available,9.48,131.98,medium,low,10,namecheap,,,21/08/2026 22:39
353a99a5-8c4f-4f68-a38a-2d3e97d5b41d,wentworth.credit,available,11.49,104.99,medium,low,9,namesilo,,,25/09/2026 21:47
e433f049-d23a-457f-b099-a5333e717506,afar.credit,available,9.48,131.98,medium,low,4,namecheap,,,13/09/2026 17:46
4a6549c2-77c0-4ca0-b237-52fdb2647136,alienate.credit,available,9.48,131.98,medium,low,8,namecheap,,,
fe281edf-1d89-429e-93e3-fa8944eb91d8,tijuana.credit,available,11.49,104.99,medium,low,7,namesilo,,,29/09/2026 02:18
4f63d55b-6a82-47e1-ab6e-3b38aa256089,launcher.credit,available,8.48,83,high,low,8,spaceship,,,01/10/2026 02:51
a110887f-d255-4eff-91b8-62527dd96c84,bombay.credit,available,11.49,104.99,medium,low,6,namesilo,,,29/09/2026 00:15
fdfc0a29-dbd3-445a-a9aa-947389015a73,phobia.credit,available,8.48,83,medium,low,6,spaceship,,,02/10/2026 06:05
c7f11049-1eab-4a11-92d6-524978bbcde1,monestrous.credit,available,9.48,131.98,low,low,10,namecheap,,,25/08/2026 04:32
a42de946-1f8d-4dfd-a8cd-9328df27be76,growing.credit,available,9.48,131.98,high,low,7,namecheap,,,19/09/2026 05:23
30fa2ac1-bd3d-48dc-9779-8c937d964bf7,only.credit,resell,,,high,medium,4,Porkbun LLC,04/07/2026 22:35,04/07/2027 22:35,26/09/2026 07:54
ffb62ae6-608f-48d7-a51b-2223837a6739,tablespoons.credit,available,11.49,104.99,medium,low,11,namesilo,,,20/09/2026 10:16
d643b867-65f2-4a6e-8843-e7611ad06986,williams.credit,available,11.49,104.99,high,low,8,namesilo,,,23/09/2026 09:47
a027fb19-af50-4a09-8131-fb8cb7f1a46d,scared.credit,available,9.48,131.98,medium,low,6,namecheap,,,18/08/2026 15:38
a55e191e-db6d-4d99-b158-1fce182d8515,tobacco.credit,available,80.2,80.2,medium,low,7,cloudflare,,,29/09/2026 00:12
d6c35549-fa06-4ba4-ad22-4b0caaaffd68,cbo.credit,available,6.64,84.21,high,low,3,dynadot,,,30/09/2026 04:30
bd7092ce-e546-4875-af77-9ec37790a5f6,hildebrand.credit,available,177.99,177.99,medium,low,10,godaddy,,,30/09/2026 01:47
00b16ad9-4229-4e74-bf97-1260b427e098,rebuild.credit,resell,,,high,low,7,,,,28/09/2026 06:58
d58f6378-2aa3-43e9-823d-86fda9b907c2,archivist.credit,available,11.49,104.99,high,low,9,namesilo,,,20/09/2026 02:21
18a0ce44-5a13-40f7-be1a-94d3e4994d8a,prat.credit,available,9.48,131.98,medium,low,4,namecheap,,,09/08/2026 11:18
4fbf7442-6f37-4c58-a6b2-f61e48d8e6bd,mechanics.credit,available,8.48,83,high,low,9,spaceship,,,01/10/2026 11:01
f3bc8fc3-8440-4912-8647-f13caa55d6bc,aluminate.credit,available,11.49,104.99,medium,low,9,namesilo,,,18/09/2026 15:13
d333d684-3f11-4e8e-882f-ec6f00df7aaa,besotted.credit,available,9.48,131.98,medium,low,8,namecheap,,,09/08/2026 15:27
ae754852-d90c-41c1-9f68-c89c50ac2edc,fashioned.credit,available,9.48,131.98,high,low,9,namecheap,,,17/08/2026 23:02
272ae83e-78ac-40e0-955b-1da8b9f0056e,beaked.credit,available,9.48,131.98,medium,low,6,namecheap,,,09/08/2026 03:50
3dd3aa0a-d872-471e-a2fb-2fb1622cccc0,areopagus.credit,available,11.49,104.99,medium,low,9,namesilo,,,20/09/2026 03:52
4ee5d5a5-fd6b-495e-9c7d-7cb765ba311d,whatever.credit,available,11.49,104.99,high,low,8,namesilo,,,22/09/2026 06:56
66ee2710-d4f8-409c-ab20-1a738f563233,adept.credit,available,11.49,104.99,high,low,5,namesilo,,,21/09/2026 17:17
c3b573fe-a0b8-49da-8009-7480a44db90b,kiev.credit,available,11.49,104.99,high,low,4,namesilo,,,29/09/2026 07:09
133922ef-f703-4091-9a0b-19ba596411ea,lifelong.credit,available,11.49,104.99,high,low,8,namesilo,,,02/10/2026 11:31
49636cc2-028b-48c0-8642-5d1c6727e1f7,exe.credit,available,8.48,83,high,low,3,spaceship,,,01/10/2026 06:45
af653b42-a3e2-430d-b267-354ad96c8580,nourish.credit,available,11.49,104.99,high,low,7,namesilo,,,18/09/2026 07:58
b0de679c-298c-42a1-bec1-59f50ccf10ec,privily.credit,available,9.48,131.98,medium,low,7,namecheap,,,15/09/2026 21:31
1008150c-e9f1-446b-8ade-53a91d788b84,emeritus.credit,available,9.48,131.98,high,low,8,namecheap,,,16/08/2026 15:05
e9a931a3-ae4a-472b-b80f-527d3fbe9a1c,nobelium.credit,available,11.49,104.99,medium,low,8,namesilo,,,20/09/2026 21:58
722fb5ae-07a1-4446-b16d-9e85574147ce,fabulously.credit,available,9.48,131.98,medium,low,10,namecheap,,,14/09/2026 17:19
850415b4-8343-420b-9e5c-d3df9f68bee4,romp.credit,available,9.48,131.98,high,low,4,namecheap,,,09/09/2026 19:26
7f8b03b0-68d7-4ec6-a763-f547d94f9692,barbecuing.credit,available,11.49,104.99,high,low,10,namesilo,,,22/09/2026 04:46
72bde912-921d-473e-ab10-014a73025eae,internationally.credit,available,11.99,,medium,low,15,name.com,,,
706f7a57-b3f4-4daa-a899-2db0818092bc,lament.credit,available,9.48,131.98,medium,low,6,namecheap,,,22/08/2026 15:25
023866da-ebd1-4e68-a5db-280b32fb527b,otis.credit,available,11.49,104.99,high,low,4,namesilo,,,25/09/2026 05:28
3699999c-1b5e-4502-a825-9757d684cf1c,automatically.credit,available,11.49,104.99,medium,low,13,namesilo,,,28/09/2026 07:07
5230f5a4-c8ff-4c37-aaba-9b451f016ea5,abdominous.credit,available,9.48,131.98,medium,low,10,namecheap,,,
ea46403f-0c2d-428b-bfe8-181413a8ba2b,rhyme.credit,available,11.49,104.99,high,low,5,namesilo,,,28/09/2026 15:15
044c393c-bb93-4919-91ec-c2e62b902876,hypocrisy.credit,available,8.48,83,medium,low,9,spaceship,,,30/09/2026 17:40
6c074f45-8219-461c-8f8e-6d8636f0028c,executives.credit,available,9.48,131.98,high,low,10,namecheap,,,21/09/2026 01:35
29e372e0-0c79-48e6-82f0-eff7ddcc331a,campaigns.credit,available,80.2,80.2,medium,low,9,cloudflare,,,30/09/2026 14:57
56466013-e865-4300-84bd-8008cd752732,acupuncture.credit,available,11.49,104.99,high,low,11,namesilo,,,02/10/2026 17:27
ec7dd7a3-023c-43e4-8971-0a07f9197964,slapping.credit,available,11,,medium,low,8,unstoppable,,,01/10/2026 06:01
73f699e2-0d4d-49d3-aebe-f7eec712e0a3,settling.credit,available,9.48,131.98,medium,low,8,namecheap,,,28/09/2026 20:24
dae318d9-daa8-4316-a3bc-1e351e575fe8,pavilion.credit,available,8.48,83,high,low,8,spaceship,,,30/09/2026 18:00
60f51820-0ed0-4116-a064-9a6216e05da5,selective.credit,available,9.48,131.98,high,low,9,namecheap,,,10/09/2026 01:58
f2e9a87f-5581-4370-be62-54f4077b6d10,avocation.credit,available,11.49,104.99,high,low,9,namesilo,,,21/09/2026 09:37
5aa17145-6d03-495a-9623-4c79a938a2b8,augury.credit,available,11.49,104.99,medium,low,6,namesilo,,,21/09/2026 03:41
f04a9fac-9904-4152-ae50-30c649b07925,cardwell.credit,available,11,,high,low,8,unstoppable,,,02/10/2026 00:42
57a882cf-5f8b-473d-9e4e-c0c1aeead3ae,unchanged.credit,available,9.48,131.98,high,low,9,namecheap,,,12/09/2026 00:32
2c3f30c4-9033-4059-b8eb-279a9386d5cf,christlike.credit,available,9.48,131.98,high,low,10,namecheap,,,12/08/2026 07:19
471b4229-7af6-496d-b3ef-6ced5a6a5e90,paternity.credit,available,11.49,104.99,high,low,9,namesilo,,,01/10/2026 02:01
7f1803a2-65da-44c4-a9bf-799f97cdfa27,aspire.credit,available,11.49,104.99,high,low,6,namesilo,,,01/10/2026 04:08
6316a1d4-6140-4e51-a573-664bc9e6a184,albacore.credit,available,11.49,104.99,high,low,8,namesilo,,,18/09/2026 02:20
d316afb7-151d-40e3-877c-49e0601af333,ageless.credit,available,9.48,131.98,high,low,7,namecheap,,,
fbc543fc-d0c1-4e70-bf38-49b143db75ca,postpartum.credit,available,9.48,131.98,high,low,10,namecheap,,,09/09/2026 00:37
ac1f9cd6-51da-49c7-a1c6-4480172e04ed,ugh.credit,available,9.48,131.98,medium,low,3,namecheap,,,01/10/2026 05:47
4a082eec-ae85-431a-a4a5-74247fd2d033,fractional.credit,available,9.48,131.98,high,low,10,namecheap,,,18/08/2026 13:52
f18dc46a-9b4f-472f-8687-3b4fae1de15d,distinctly.credit,available,9.48,131.98,high,low,10,namecheap,,,14/09/2026 13:19
dee03dd5-a0dc-434b-9f6b-74e9dad752dd,lemonade.credit,available,8.48,83,high,low,8,spaceship,,,29/09/2026 01:34
6c7f9895-1241-4cec-8ade-f149aef77864,ignacio.credit,available,11,,medium,low,7,unstoppable,,,28/09/2026 08:56
4413462a-20fd-457a-b18d-43df48516906,underpants.credit,available,8.48,83,high,low,10,spaceship,,,03/10/2026 02:19
3061cbc7-b804-4a67-b02b-c2cbdf67c8b2,publicized.credit,available,11.49,104.99,high,low,10,namesilo,,,27/09/2026 08:05
84a751f2-521b-45cb-baf0-15e347e9bfbd,respected.credit,available,80.2,80.2,high,low,9,cloudflare,,,27/09/2026 12:38
18adf92c-fc38-4989-a1ea-aed302639460,commentate.credit,available,11.49,104.99,high,low,10,namesilo,,,30/09/2026 17:26
b2688dac-d3fe-4009-8da5-c0e5a738a655,aiding.credit,available,11.49,104.99,high,low,6,namesilo,,,30/09/2026 12:01
f769015a-d0f6-45df-8e6d-90e2b18a3c07,tallinn.credit,available,11.49,104.99,medium,low,7,namesilo,,,29/09/2026 00:18
482c0137-bfc3-4918-9f39-e35f445c9b09,tortrix.credit,available,9.48,131.98,medium,low,7,namecheap,,,20/09/2026 05:04
9157ddff-e96e-4784-a6eb-28ec66c66509,prodromic.credit,available,9.48,131.98,medium,low,9,namecheap,,,09/09/2026 02:46
c0a559b4-5d62-4df0-908d-763d03cfb06b,steal.credit,available,8.48,83,medium,low,5,spaceship,,,29/09/2026 05:35
a1ddd318-de07-4045-b7ff-65c2f70aaaf2,kilometers.credit,available,11,,medium,low,10,unstoppable,,,28/09/2026 23:06
3ae6e3b5-56b3-42e2-b875-5bb4ff9ac575,grahame.credit,available,80.2,80.2,medium,low,7,cloudflare,,,03/10/2026 01:02
013bddab-6c82-4b6a-9035-8cdac3d9cd98,astor.credit,available,11.49,104.99,medium,low,5,namesilo,,,20/09/2026 17:29
5479dfb5-c9e3-478e-a8db-9e2253ae3df4,invading.credit,available,9.48,131.98,medium,low,8,namecheap,,,22/08/2026 02:12
6f2aca64-4587-430f-83a7-10c03f15608c,gandhi.credit,available,8.48,83,high,low,6,spaceship,,,29/09/2026 20:38
c0e7614b-7256-4f67-b652-1cb7207fc750,feminine.credit,available,9.48,131.98,high,low,8,namecheap,,,24/09/2026 17:35
fb4fb575-82fb-42a0-bb21-d626513eb929,ssi.credit,available,8.48,83,high,low,3,spaceship,,,01/10/2026 18:32
e938a58c-fc4c-4f05-9195-b08c8755e86b,beeswax.credit,available,11.49,104.99,high,low,7,namesilo,,,23/09/2026 01:48
5e1f3517-6c1f-478b-b338-52b8c23b3171,twits.credit,available,11.49,104.99,low,low,5,namesilo,,,21/09/2026 06:16
bddbbfcd-8092-44d0-b784-33e4795d50f3,girlfriend.credit,available,11,131.98,medium,low,10,unstoppable,,,02/10/2026 21:13
12fa9526-ae98-43ef-bfc9-2ab81ebe64b8,inability.credit,available,11.49,104.99,medium,low,9,namesilo,,,29/09/2026 07:19
4c7acd65-7282-42d0-bf31-5616a33285db,braless.credit,available,9.48,131.98,low,low,7,namecheap,,,08/08/2026 18:29
e072a556-f970-4565-83ca-618a02f3c65d,seaward.credit,available,9.48,131.98,medium,low,7,namecheap,,,22/08/2026 06:58
70a91a5a-8bcc-4100-9ab8-065860f8f38a,slope.credit,available,9.48,131.98,high,low,5,namecheap,,,29/09/2026 23:47
17cf61b0-78bd-41af-a726-998e2566827e,rarest.credit,available,11.49,104.99,medium,low,6,namesilo,,,20/09/2026 08:14
5d3d6a71-3e12-451c-b602-c8ddd2fe7973,humbling.credit,available,9.48,131.98,medium,low,8,namecheap,,,14/08/2026 01:09
b8d26558-a040-4073-81b3-c365ac29a5ba,analogy.credit,available,8.48,83,high,low,7,spaceship,,,28/09/2026 21:11
b594aa6a-7d0c-4943-89d9-eed7b160a1d1,hypothetic.credit,available,9.48,131.98,medium,low,10,namecheap,,,12/08/2026 22:01
010895f8-257f-421c-a44a-aa0ec464b5da,funeral.credit,available,11.49,104.99,high,low,7,namesilo,,,25/09/2026 22:54
63c606aa-e54a-4751-8614-672c9405bf6f,sinister.credit,available,9.48,131.98,medium,low,8,namecheap,,,24/08/2026 20:02
29cc0f03-aa7c-4dca-b510-6359301991a1,manic.credit,available,9.48,131.98,medium,low,5,namecheap,,,18/08/2026 15:04
001fcee0-7838-4449-833b-f7d5a8374b1f,kiss.credit,available,11,,high,low,4,unstoppable,,,29/09/2026 05:31
f1d64fad-d26f-4e2c-9e89-5319c79ccbb9,decayable.credit,available,9.48,131.98,low,low,9,namecheap,,,13/08/2026 20:54
5a7f3dca-b94c-4157-8023-4e8357a6373e,infantry.credit,available,6.64,84.21,high,low,8,dynadot,,,29/09/2026 13:08
45003f07-103d-4dba-aa93-34bd0439ceec,landed.credit,available,9.48,131.98,high,low,6,namecheap,,,22/08/2026 19:22
6e51e544-1ac9-4ea3-94de-2151ff2c37cb,adjustor.credit,available,11.49,104.99,medium,low,8,namesilo,,,17/09/2026 08:34
8443e3dc-d8b5-40dc-9fcd-0107c824d2e0,madan.credit,available,8.48,83,high,low,5,spaceship,,,02/10/2026 20:33
57e10aae-12fc-40bb-95b1-48ca3601e2ab,astuteness.credit,available,9.48,131.98,medium,low,10,namecheap,,,20/09/2026 18:21
949831ca-42e1-4ccd-8ffa-db042583b4b0,dashing.credit,available,11.99,141.99,high,low,7,name.com,,,13/08/2026 17:27
a2332484-5cd4-4be0-b52e-40ab9263a72f,dialing.credit,available,6.64,84.21,high,low,7,dynadot,,,02/10/2026 18:17
e73bc755-39ce-4c03-9648-9212af775b04,dissatisfied.credit,available,6.64,84.21,medium,low,12,dynadot,,,29/09/2026 21:05
e2091a70-6a34-4ffd-b9a3-5d1e86639cd7,synaptic.credit,available,9.48,131.98,high,low,8,namecheap,,,11/09/2026 06:09
54c28d12-243b-4955-93a1-beb51319cf62,werke.credit,available,8.48,83,medium,low,5,spaceship,,,02/10/2026 18:48
8f6f45c8-76a8-49f5-9115-b5c7bd497991,downstairs.credit,available,9.48,131.98,high,low,10,namecheap,,,14/08/2026 17:55
afa13fa4-df1f-43e2-98ad-cf552402990e,microbial.credit,available,9.48,131.98,medium,low,9,namecheap,,,08/09/2026 09:41
c578d0b9-adb9-4e0d-bcef-3cb0c4a74efe,protrusive.credit,available,9.48,131.98,medium,low,10,namecheap,,,09/09/2026 04:20
b8b30cc6-cbc3-4d84-a1c0-353ee1dcef7f,flavorous.credit,available,9.48,131.98,medium,low,9,namecheap,,,18/08/2026 07:08
b2271f1b-3700-4d20-9811-3f8277758e55,stonelike.credit,available,9.48,131.98,medium,low,9,namecheap,,,08/09/2026 18:26
91d0ef7d-e7a5-419b-bd37-2285ed85f97e,bandstand.credit,available,11.49,104.99,high,low,9,namesilo,,,22/09/2026 01:32
28b127a6-4bd0-4e03-bb62-4f5b422db856,newsgroup.credit,available,8.48,83,medium,low,9,spaceship,,,01/10/2026 22:38
d410b40e-5d99-4cc9-b484-255210ff402c,supersonic.credit,available,9.48,131.98,high,low,10,namecheap,,,11/09/2026 02:25
27020e79-5b63-4ad0-82a3-bcb1d3d15c89,kobe.credit,available,11.49,104.99,high,low,4,namesilo,,,28/09/2026 02:14
8d6eaeb8-c972-4951-acc3-809eda090d7a,intimidation.credit,available,6.64,84.21,medium,low,12,dynadot,,,30/09/2026 06:21
8feca3d6-3c69-4981-adbc-3e2692208e74,cruddy.credit,available,9.48,131.98,medium,low,6,namecheap,,,13/08/2026 08:44
4294d704-d7ca-4bf9-862f-750aa2b53cb7,gita.credit,available,9.48,131.98,medium,low,4,namecheap,,,23/09/2026 12:33
fb3e8073-ed98-48c7-a8f7-2976e4c599da,tough.credit,available,11.49,104.99,high,low,5,namesilo,,,22/09/2026 16:19
ecb9e139-227d-4f74-af4e-c3e968555d5c,hourly.credit,available,9.48,131.98,high,low,6,namecheap,,,25/09/2026 00:10
32ad2756-98a8-4bea-a94b-0840ac23a247,debasement.credit,available,11.49,104.99,medium,low,10,namesilo,,,17/09/2026 10:16
b3863945-f966-4d67-b2bf-0888f53b98ad,singled.credit,available,11,,medium,low,7,unstoppable,,,30/09/2026 06:31
33bf7c4d-969e-4426-b362-e4cce337c058,athwart.credit,available,9.48,131.98,medium,low,7,namecheap,,,13/09/2026 22:38
268a587d-fa9e-4359-80e2-a4b294fbfe8e,extending.credit,available,80.2,80.2,medium,low,9,cloudflare,,,29/09/2026 10:43
2e58b0e7-deb5-42d0-bcde-f11917ea43a8,hutton.credit,available,9.48,131.98,high,low,6,namecheap,,,25/09/2026 07:41
fe0b2907-2f9d-4e46-91aa-7b026fe420db,coeval.credit,available,9.48,131.98,medium,low,6,namecheap,,,12/08/2026 15:28
8fee8463-70f7-4e9f-a429-61585512fb0d,average.credit,available,11.49,104.99,high,low,7,namesilo,,,22/09/2026 14:28
f1af8518-11c1-4c13-aede-43b4dff81302,coupled.credit,available,9.48,131.98,high,low,7,namecheap,,,12/08/2026 22:15
51c51cb4-57a6-465b-bfed-f5cdb56cc994,mgm.credit,available,9.48,131.98,high,low,3,namecheap,,,25/09/2026 13:30
f85a30ba-6653-4063-81f0-29d3cf1fb2d0,lurking.credit,available,8.48,83,medium,low,7,spaceship,,,02/10/2026 07:23
577db2fc-f5de-4d25-b936-490bfa741511,nonexempt.credit,available,9.48,131.98,medium,low,9,namecheap,,,03/09/2026 19:09
c1ae71c0-021c-4f49-b0ed-b4fb989fe2bc,uncapped.credit,available,9.48,131.98,medium,low,8,namecheap,,,12/09/2026 04:44
b233c347-701b-477c-955c-812214b75487,unblessed.credit,available,9.48,131.98,medium,low,9,namecheap,,,12/09/2026 02:14
807ca0f9-e0ca-4157-a916-3d1b6cabd6ea,unfriendly.credit,available,9.48,131.98,medium,low,10,namecheap,,,22/08/2026 05:19
cd3c7154-48e1-4aaf-9d40-103554f55271,sahel.credit,available,6.64,84.21,medium,low,5,dynadot,,,30/09/2026 20:57
b5fae012-cc27-461a-9999-9584ec994628,parking.credit,available,11.49,104.99,high,low,7,namesilo,,,25/09/2026 23:56
f39f28b3-a380-4ee7-b9a7-5d516a3986cc,quantity.credit,available,11.49,104.99,high,low,8,namesilo,,,30/09/2026 08:58
c59224cb-4898-4f63-a37a-2c109f1afbec,waker.credit,available,11.49,104.99,medium,low,5,namesilo,,,20/09/2026 08:31
aa3e79da-47bb-404c-995d-96d9e54dcb09,labrador.credit,available,11,,high,low,8,unstoppable,,,01/10/2026 20:14
ea74b172-6375-48c9-950f-3f5866fd79dc,semitropic.credit,available,9.48,131.98,medium,low,10,namecheap,,,10/09/2026 03:36
ee9262bd-7322-4adc-a2ed-933bc8ee1526,unsociable.credit,available,9.48,131.98,medium,low,10,namecheap,,,12/09/2026 20:09
91a4ce3c-a767-4c0e-bd58-e2e1f9e25de6,enid.credit,available,9.48,131.98,medium,low,4,namecheap,,,28/09/2026 19:04
aeca669c-21c8-4114-9baa-e77c1f1c41b6,volumetric.credit,available,9.48,131.98,medium,low,10,namecheap,,,13/09/2026 07:03
16d9df8a-44f6-463e-8698-99615c3b5c11,deportations.credit,available,11.49,104.99,low,low,12,namesilo,,,30/09/2026 16:17
d5dc7ac5-d035-4b99-a665-13da6523817f,aspirer.credit,available,9.48,131.98,medium,low,7,namecheap,,,07/08/2026 05:12
2db0b0d5-14de-4b21-9bbd-55ca527be259,judah.credit,available,8.48,83,medium,low,5,spaceship,,,29/09/2026 01:27
3109bfdb-a060-4bd5-9e92-d4fd76df5148,hundreds.credit,available,9.48,131.98,medium,low,8,namecheap,,,25/09/2026 20:33
63ff0f3a-79d1-4c0c-9ccb-12e2b8e45105,baggy.credit,available,9.48,131.98,high,low,5,namecheap,,,22/09/2026 16:21
8c0e1500-c21f-404e-be4f-ebc9db00818c,pummel.credit,available,11.49,104.99,medium,low,6,namesilo,,,23/09/2026 13:52
58372976-7b7f-4d43-b3d4-ae3000d2ebd5,cows.credit,available,80.2,80.2,high,low,4,cloudflare,,,29/09/2026 03:44
3b1d273f-0b90-41f9-be02-9dd42321317a,callous.credit,available,9.48,131.98,medium,low,7,namecheap,,,11/08/2026 14:30
8345f7f8-4712-496a-b089-e4204b92b95c,faulty.credit,resell,,,medium,low,6,"GoDaddy.com, LLC",02/10/2021 09:12,02/10/2027 09:12,03/10/2026 04:43
995117f6-18d5-4834-a232-2ebe2267dc01,jesus.credit,available,80.2,80.2,high,medium,5,cloudflare,,,29/09/2026 09:01
8c94b383-f379-4d5c-9a82-cba1ac2203e1,arduous.credit,available,9.48,131.98,medium,low,7,namecheap,,,06/08/2026 16:40
9ad311d6-dcfc-4786-bb69-27299b313514,bald.credit,available,9.48,131.98,medium,low,4,namecheap,,,08/08/2026 09:16
8064bfb6-8896-4179-8387-b20ff4b242c4,petersburg.credit,available,8.48,83,medium,low,10,spaceship,,,29/09/2026 07:52
f683fb77-9ba5-4560-a482-5d59c4cb5443,discriminate.credit,available,8.48,83,medium,low,12,spaceship,,,01/10/2026 05:36
6126bcb3-3273-4102-b70c-154c3df8b2e1,shingles.credit,available,11,,high,low,8,unstoppable,,,02/10/2026 05:14
94e57917-ba08-431b-a6c4-7b37abbabf40,phelps.credit,available,9.48,131.98,high,low,6,namecheap,,,25/09/2026 18:39
365e516a-e8f3-487d-a401-9e0cf266eb85,issuers.credit,available,11.49,104.99,medium,low,7,namesilo,,,30/09/2026 07:32
ec381ba8-d668-47d9-8511-33ff7a91e38e,knackered.credit,available,9.48,131.98,medium,low,9,namecheap,,,22/08/2026 16:23
85ff0c3c-54c9-4790-a15a-f2ebf60668a9,joe.credit,available,9.48,131.98,high,medium,3,namecheap,,,25/09/2026 11:19
58a45d71-f430-4b27-aaae-89381b090fe0,throngs.credit,available,11.49,104.99,medium,low,7,namesilo,,,20/09/2026 14:21
f6fbb83b-9daa-4d74-8fa8-ae034b7789dd,greenback.credit,available,11.49,104.99,high,low,9,namesilo,,,22/09/2026 02:17
3b3480f6-7e6c-4d4f-bd3b-4a00ea43def7,amethyst.credit,available,9.48,131.98,high,low,8,namecheap,,,22/09/2026 04:15
b3cf7add-359c-417e-a43b-6be927eeb28f,triangular.credit,available,9.48,131.98,medium,low,10,namecheap,,,11/09/2026 14:30
548de813-2b38-4cb4-905a-cfdc2d227d63,padded.credit,available,9.48,131.98,high,low,6,namecheap,,,13/08/2026 11:57
9646e957-06d3-48b8-ba5a-5b51997847f5,courtesy.credit,available,9.48,131.98,high,low,8,namecheap,,,24/09/2026 18:48
a6b769fc-2fa6-46aa-95fc-a343bbd2472b,tedious.credit,available,11.49,104.99,medium,low,7,namesilo,,,23/09/2026 00:32
3c252759-0432-481c-a4ca-a9e7aa65a36e,ebert.credit,available,11.49,104.99,medium,low,5,namesilo,,,28/09/2026 08:02
4c7b31ca-4946-4e68-b546-bca2665ac3ab,fry.credit,available,9.48,131.98,high,low,3,namecheap,,,25/08/2026 00:16
c37d7b20-e881-41fd-8c7b-a666024e4b4f,unkind.credit,available,9.48,131.98,medium,low,6,namecheap,,,12/09/2026 14:11
31e47887-ed9b-470f-982f-8d3849707e6a,actinism.credit,available,11.49,104.99,medium,low,8,namesilo,,,17/09/2026 04:50
ff9b91a2-ab10-4969-93fb-c56de19bd7a5,governed.credit,available,11.49,104.99,high,low,8,namesilo,,,30/09/2026 09:56
bca7b888-cb9d-4d37-a540-66e0c74d8e2d,sister.credit,available,11.49,104.99,high,low,6,namesilo,,,26/09/2026 00:18
395370d9-0d8e-44ca-92d6-8ca8ea0bb9fc,nearer.credit,available,8.48,83,medium,low,6,spaceship,,,28/09/2026 14:02
18b3489c-ce1f-49d7-a12d-ca545e4b41c7,dundalk.credit,available,11,,medium,low,7,unstoppable,,,02/10/2026 20:51
f2d193bb-5855-4d55-a01a-f4eb8d8023dc,stupidity.credit,available,11.49,104.99,medium,low,9,namesilo,,,23/09/2026 11:18
93893977-d838-4ae5-89f3-70974e4208e5,passionate.credit,available,11.49,104.99,high,low,10,namesilo,,,27/09/2026 02:53
0c8961f8-7b19-47ff-a291-fefdd7c697f6,unfortunate.credit,available,11.49,104.99,medium,low,11,namesilo,,,26/09/2026 03:07
3f4b2ade-07f4-4453-addb-e270b54c0df8,floats.credit,available,11.49,104.99,medium,low,6,namesilo,,,29/09/2026 23:46
de39b856-89e6-41b4-a50b-20c71e065398,seclusion.credit,available,11,,high,low,9,unstoppable,,,02/10/2026 16:25
d0495526-ade4-409b-a8a7-6c5e10683829,brutish.credit,available,9.48,131.98,low,low,7,namecheap,,,09/08/2026 17:59
613dcfa8-e173-4b4e-a65f-476c0541ffda,persecution.credit,available,11.49,104.99,medium,low,11,namesilo,,,29/09/2026 16:24
eb07e512-9e06-4afc-ae64-e989c1cfbb80,aidoneus.credit,available,9.48,131.98,medium,low,8,namecheap,,,17/09/2026 20:53
326b34b7-f1e9-4795-bfa8-8de930d0dbd3,dung.credit,available,11,,medium,low,4,unstoppable,,,30/09/2026 09:30
5c0d33d6-47de-44dc-a943-0e49506bc4ee,unspeakable.credit,available,11.49,104.99,medium,low,11,namesilo,,,01/10/2026 05:49
2ee175cc-4fef-4fbf-a229-1876e26b6a3e,swim.credit,available,177.99,177.99,high,low,4,godaddy,,,28/09/2026 02:10
47cce28d-0764-49c5-8094-f4aa1da23cc7,abandon.credit,available,9.48,131.98,high,low,7,namecheap,,,14/08/2026 03:52
242bdbd3-04b3-4edd-a12f-7c1bb9212158,concurrent.credit,available,9.48,131.98,high,low,10,namecheap,,,12/08/2026 13:22
db032f42-ddc1-4f04-b435-5728b038109c,andradite.credit,available,9.48,131.98,medium,low,9,namecheap,,,19/09/2026 04:09
a018de26-b278-49c3-86cb-a5f61f3c0c41,kharkov.credit,available,6.69,82.9,medium,low,7,porkbun,,,30/09/2026 17:47
29db847d-f099-49e4-a7ef-91cbce1777b0,balaclava.credit,available,9.48,131.98,medium,low,9,namecheap,,,21/09/2026 20:27
a6455719-9bd7-488e-9c38-31fa96905d69,dimensions.credit,available,6.69,82.9,medium,low,10,porkbun,,,29/09/2026 04:43
a4a75ac5-6f3b-4181-8fdd-5aa4f4e34429,wrestler.credit,available,11,,high,low,8,unstoppable,,,29/09/2026 19:04
4461e64e-ff1b-469c-9e56-4017b09db36e,absorbent.credit,available,9.48,131.98,high,low,9,namecheap,,,
279840f8-4ff3-48f0-bc9a-cf60e48637b1,knockdown.credit,available,9.48,131.98,medium,low,9,namecheap,,,22/08/2026 16:34
50cf0dee-e035-4bdb-af0b-eb18c3b53544,jetting.credit,available,9.48,131.98,high,low,7,namecheap,,,22/08/2026 13:09
5069795b-6932-4432-aa29-02cc89de8d33,closer.credit,available,80.2,80.2,high,low,6,cloudflare,,,28/09/2026 14:02
8d2571b1-13fd-4d62-b911-49b1ab16f5ae,customise.credit,available,11,,high,low,9,unstoppable,,,30/09/2026 18:12
4c106c73-33ac-4d7e-a6a6-06b26623614b,roo.credit,available,9.48,131.98,high,low,3,namecheap,,,03/10/2026 02:43
2797259e-d021-4e65-9b59-b1f3cdb2578d,fresnel.credit,available,11.49,104.99,high,low,7,namesilo,,,21/09/2026 04:00
d73fa735-b039-4da5-89f8-70874de6fa77,thea.credit,available,11,,high,low,4,unstoppable,,,30/09/2026 11:10
b0133ed3-16d0-4dcc-af1b-721ae7385acf,splendidly.credit,available,9.48,131.98,medium,low,10,namecheap,,,14/09/2026 16:44
a1bb136b-fd05-4852-93c4-0fd6398326db,pellets.credit,available,11.49,104.99,medium,low,7,namesilo,,,02/10/2026 21:59
44ac4632-aafe-449d-9a94-e0f2f70bc7b5,twirl.credit,available,80.2,80.2,high,low,5,cloudflare,,,02/10/2026 05:46
039c3a6a-34bf-4c64-9ade-c8f3dfc85c6b,sample.credit,available,11.49,104.99,high,low,6,namesilo,,,25/09/2026 10:33
f7ea2da7-65c5-46d4-878f-6ac655ee78ed,pile.credit,available,9.48,131.98,high,low,4,namecheap,,,25/08/2026 00:39
892d779f-6de3-439c-9f35-281b90cd25ba,confidante.credit,available,11.49,104.99,high,low,10,namesilo,,,24/09/2026 17:12
6307617f-801a-4b6b-bcc6-01f8855624d5,lazy.credit,available,9.48,131.98,high,low,4,namecheap,,,17/08/2026 20:54
a2c61103-0854-462c-99db-745bc8a7a116,trophic.credit,available,9.48,131.98,medium,low,7,namecheap,,,11/09/2026 20:22
36fe36bf-42e0-474e-b9b5-94d001ddca86,highs.credit,available,8.48,83,medium,low,5,spaceship,,,02/10/2026 23:35
34dcda3d-2cfb-4bd5-851e-7fb2c854e7b0,disinfection.credit,available,11.49,104.99,high,low,12,namesilo,,,17/09/2026 16:37
d29d2597-2f63-4cf3-a90e-99ad2ef45dfe,defenders.credit,available,80.2,80.2,medium,low,9,cloudflare,,,01/10/2026 00:48
fbc23954-f4a9-401a-8120-2475af31ad33,faye.credit,available,9.48,131.98,medium,low,4,namecheap,,,28/09/2026 13:31
1c43e0f5-2d97-47ca-a836-dcbcbbff2380,orlando.credit,available,11.49,104.99,high,low,7,namesilo,,,25/09/2026 09:39
41042e59-abb3-4959-8882-f46612b57e51,significantly.credit,available,11.49,104.99,medium,low,13,namesilo,,,01/10/2026 05:34
7be384aa-6db4-4ebd-b360-a3d3a4d19c29,kingsley.credit,available,11.49,104.99,medium,low,8,namesilo,,,27/09/2026 20:56
b9a824c6-78ab-48bc-8599-f37b3c98d542,buttonwood.credit,available,11.99,141.99,medium,low,10,name.com,,,18/09/2026 20:34
bca9397a-e039-4a40-84c3-1ff2ea360a73,bruckner.credit,available,11.49,104.99,medium,low,8,namesilo,,,19/09/2026 15:26
64e8c40f-dfb9-445c-a7fb-b2150ef6b758,accordion.credit,available,9.48,131.98,high,low,9,namecheap,,,16/09/2026 23:02
cb3c8557-bf70-4cb2-abdd-c1288bf8f0dc,crusher.credit,available,6.64,84.21,high,low,7,dynadot,,,03/10/2026 00:22
3e39d4a6-5605-498f-aa34-8193152a1109,clarissa.credit,available,8.48,83,medium,low,8,spaceship,,,29/09/2026 21:24
a4c1f200-b5f2-4f02-b565-5a3725bce2ac,grazed.credit,available,9.48,131.98,medium,low,6,namecheap,,,20/08/2026 19:29
f851d881-2f8c-4cf1-a96a-d45be0003fce,polling.credit,available,11,,high,low,7,unstoppable,,,01/10/2026 15:51
7f64031c-814c-4d3d-ae94-627ce8cba399,hearings.credit,available,9.48,131.98,medium,low,8,namecheap,,,29/09/2026 23:58
155b78b9-f13d-4e38-ae61-d95c929153aa,dachshund.credit,available,11.49,104.99,high,low,9,namesilo,,,21/09/2026 17:04
cbb5d2d8-8ca8-4ab3-acd1-1eeca8a78fed,brumous.credit,available,9.48,131.98,medium,low,7,namecheap,,,11/08/2026 06:49
be49356c-445b-4693-923f-7074e5a5b141,arnica.credit,available,11.49,104.99,high,low,6,namesilo,,,20/09/2026 08:11
20dd860e-b5ea-4a6d-b022-bec70850e5f8,sandwiches.credit,available,11,,medium,low,10,unstoppable,,,28/09/2026 13:26
8f218786-8cbf-40db-91ca-0172013c1f3b,firing.credit,available,11.49,104.99,high,low,6,namesilo,,,27/09/2026 03:58
ad884400-d27d-4704-8f63-8730ecdb8502,related.credit,available,11.49,104.99,high,low,7,namesilo,,,19/09/2026 12:07
f652a0be-73c7-4918-8ef5-f920aaf6122e,crooks.credit,available,11,,medium,low,6,unstoppable,,,30/09/2026 20:36
b1e09588-ca7e-4584-bbf4-bc00f0f2e744,glasshouse.credit,available,9.48,131.98,high,low,10,namecheap,,,20/08/2026 19:52
6b3d6e91-0fce-482d-885d-359bb8ac2079,assaults.credit,available,8.48,83,low,low,8,spaceship,,,30/09/2026 16:01
cd967059-be9d-40b9-811b-08bf40abfc1b,cao.credit,available,11.49,104.99,high,low,3,namesilo,,,25/09/2026 14:36
bc7ceab4-bf3d-48cd-b754-c3beaa9c4987,naia.credit,available,8.48,83,medium,low,4,spaceship,,,30/09/2026 12:50
bfcb0da3-8f3a-41ae-8b57-5ba6c99bbf17,typhoid.credit,available,11.49,104.99,medium,low,7,namesilo,,,03/10/2026 00:41
42adec69-8228-440d-a170-8ff406eaf5d5,grumbling.credit,available,9.48,131.98,medium,low,9,namecheap,,,20/08/2026 20:33
b612299c-1c80-448c-b233-8864ee40c7e4,churl.credit,available,9.48,131.98,medium,low,5,namecheap,,,13/08/2026 05:00
51531f66-7b5e-4f97-8b47-94b87cd768c4,unaged.credit,available,9.48,131.98,medium,low,6,namecheap,,,12/09/2026 00:11
3531513d-d5f4-4aa4-97ed-c4dad9b51b29,adroit.credit,available,9.48,131.98,high,low,6,namecheap,,,21/09/2026 19:49
a4b7f0b2-6c4b-4da4-9b2a-9edc8f40f6d2,dnr.credit,available,11.49,104.99,high,low,3,namesilo,,,02/10/2026 08:32
0593ab09-d67a-4fd0-a3d5-bf9b5100a832,ballistic.credit,available,9.48,131.98,medium,low,9,namecheap,,,08/08/2026 10:31
777fe735-f797-44f8-8a68-3661f55f4bb5,attempting.credit,available,11.49,104.99,medium,low,10,namesilo,,,28/09/2026 12:29
f7b57a03-aaf4-431b-8c54-ffeea8004bd0,ayurveda.credit,available,11.49,104.99,high,low,8,namesilo,,,21/09/2026 10:52
52f52d1b-5562-4942-8605-6129a91dcf0a,posted.credit,available,9.48,131.98,high,low,6,namecheap,,,09/09/2026 00:21
c438d240-54f3-4f67-99a7-fff58fc0b053,lewiston.credit,available,11,,medium,low,8,unstoppable,,,28/09/2026 14:42
9a5ffb50-36f8-4f5e-abf6-f2df97c9399a,sentiment.credit,available,8.48,83,high,low,9,spaceship,,,28/09/2026 15:00
5f92bca0-a250-42c3-82b2-01b691012be5,clxv.credit,available,9.48,131.98,medium,low,4,namecheap,,,
bede0961-7804-41c4-8cc7-a8f753e40e96,kooky.credit,available,9.48,131.98,medium,low,5,namecheap,,,06/08/2026 21:04
17c5b036-ed25-4cc4-8b2d-dd997c5305ea,icbm.credit,available,11.49,104.99,medium,low,4,namesilo,,,30/09/2026 10:12
7291d6da-044a-4ddd-bbc6-1a08367e84bf,scatty.credit,available,9.48,131.98,medium,low,6,namecheap,,,
d286381d-d00e-496f-ac73-2fe4b6d5e825,saying.credit,available,11.49,104.99,high,low,6,namesilo,,,25/09/2026 09:03
ee7cff86-4f90-473e-8848-eafd6152b847,transitory.credit,available,9.48,131.98,medium,low,10,namecheap,,,17/08/2026 10:19
433f8320-9512-4022-afe8-d581c815d11f,urbanized.credit,available,9.48,131.98,medium,low,9,namecheap,,,12/09/2026 23:29
599af9c7-ada2-4d4b-839a-8bad862324dc,reservedly.credit,available,9.48,131.98,medium,low,10,namecheap,,,15/09/2026 23:22
66a6536a-d0f0-49d5-863c-6dd34a6bf62d,hogg.credit,available,11,,medium,low,4,unstoppable,,,01/10/2026 02:37
d9af9cd9-6068-4b76-b157-572ccebf9299,fogged.credit,available,9.48,131.98,medium,low,6,namecheap,,,18/08/2026 09:51
41f8eee8-695d-4c16-8fb4-60ade40e61f7,alderson.credit,available,11.49,104.99,medium,low,8,namesilo,,,02/10/2026 02:19
1c6452c1-9c82-4221-b9e5-46064069ee72,taxonomy.credit,available,9.48,131.98,high,low,8,namecheap,,,30/09/2026 03:01
f0ff0223-2f62-46f2-b80a-2774e61c607e,saved.credit,available,6.64,84.21,high,low,5,dynadot,,,27/09/2026 18:05
9862d0b3-0e4d-4a7c-b394-9ecb3db34f6c,formal.credit,available,11.49,104.99,high,low,6,namesilo,,,24/09/2026 00:47
d571568b-44bf-46c2-bc91-a00a141ec2f1,avesta.credit,available,11.49,104.99,medium,low,6,namesilo,,,21/09/2026 09:22
fcc0c8f1-0efb-4f37-a1ab-8e5d8ac9aa11,implant.credit,available,8.48,83,high,low,7,spaceship,,,29/09/2026 13:06
b77e6dbb-6cce-4b1a-bb19-8d2cf21544b7,bastille.credit,available,11.49,104.99,high,low,8,namesilo,,,22/09/2026 12:48
874158fc-2d18-4477-a787-74e9377985df,songbirds.credit,available,11.49,104.99,medium,low,9,namesilo,,,21/09/2026 08:44
70df76d4-df1d-4aa2-84fd-3291ab15159e,handless.credit,available,9.48,131.98,medium,low,8,namecheap,,,11/08/2026 10:12
86cd10fc-2dd4-4b16-99a6-78bc700f2f9d,isothermic.credit,available,9.48,131.98,medium,low,10,namecheap,,,22/08/2026 11:24
6a76722f-4334-452a-8f48-36ff750a8355,cuisine.credit,available,8.48,83,high,low,7,spaceship,,,30/09/2026 21:07
cf9483ae-e6ae-49f5-b9fc-d144395fe4b5,multinational.credit,available,80.2,80.2,medium,low,13,cloudflare,,,01/10/2026 05:37
acf1e106-e010-42c7-9f0f-0f1bd0488bff,sag.credit,available,80.2,80.2,high,low,3,cloudflare,,,29/09/2026 16:55
f93ff20c-e0b9-40bd-b4d2-8724fd16652f,grantee.credit,available,9.48,131.98,high,low,7,namecheap,,,18/09/2026 07:39
d870d656-f35f-44b0-9dd7-47d6892b863c,rodent.credit,available,6.64,84.21,medium,low,6,dynadot,,,29/09/2026 19:04
9f53117d-45fa-437a-a06d-e92ff658325d,profanely.credit,available,9.48,131.98,low,low,9,namecheap,,,15/09/2026 21:40
64a2340a-ab51-4917-976c-7058369ee468,cloaks.credit,available,11.99,141.99,medium,low,6,name.com,,,17/09/2026 14:28
cb2d399a-f737-4c94-bca0-255b30161a02,unranked.credit,available,9.48,131.98,medium,low,8,namecheap,,,12/09/2026 17:44
2327f913-0c8c-4fcc-838e-c90ad3fa4a2c,throats.credit,available,11.49,104.99,medium,low,7,namesilo,,,20/09/2026 08:21
80524757-1f76-40e3-b2d7-69a4bb995c12,liza.credit,available,80.2,80.2,high,low,4,cloudflare,,,02/10/2026 05:38
924d0373-0c3d-481d-b9b7-f4006350e2cc,curled.credit,available,9.48,131.98,medium,low,6,namecheap,,,13/08/2026 11:19
48080b71-644b-494f-ad4d-d125974db6b9,dromedary.credit,available,9.48,131.98,medium,low,9,namecheap,,,19/09/2026 23:32
31683a6c-fbb9-4be2-80d2-dabd9160ec5f,csa.credit,available,80.2,80.2,high,low,3,cloudflare,,,27/09/2026 17:26
c3ae61cb-61d8-4da6-a1f8-d8b49d75da7f,broward.credit,available,11.49,104.99,medium,low,7,namesilo,,,29/09/2026 22:39
435ce6ba-8765-48ac-a227-8475bc9a9412,agitator.credit,available,9.48,131.98,medium,low,8,namecheap,,,17/09/2026 18:07
064bb7f6-e3a1-4beb-bf88-7e03fcb361db,bilgewater.credit,available,11.49,104.99,medium,low,10,namesilo,,,21/09/2026 23:46
78b00580-6210-4330-b593-8856d16a01fc,shipwreck.credit,available,11.49,104.99,medium,low,9,namesilo,,,01/10/2026 03:42
00c04d01-9bf1-4176-bd74-32ae3e574ae9,feckless.credit,available,9.48,131.98,medium,low,8,namecheap,,,18/08/2026 00:31
fdae5dcc-6d93-4cf8-ac2c-1084f7cb8e46,counterterrorism.credit,available,11.99,,medium,low,17,name.com,,,
44bb87c4-7a92-4bbd-8658-87caf87efe10,fittingly.credit,available,9.48,131.98,medium,low,9,namecheap,,,13/09/2026 20:32
26d01598-31c3-4ca5-999e-c972cdb68002,nuptial.credit,available,9.48,131.98,high,low,7,namecheap,,,11/08/2026 03:55
9dcefac7-ec80-4a96-b30b-4676fd3aff89,mark.credit,available,11.49,104.99,high,medium,4,namesilo,,,24/09/2026 01:59
b4815453-411f-4770-800d-58e8f87a3b68,arabesque.credit,available,9.48,131.98,high,low,9,namecheap,,,19/09/2026 23:28
d9addc4e-c26b-4a3d-a2c9-20e79229dc19,asterisk.credit,available,11.49,104.99,high,low,8,namesilo,,,20/09/2026 17:11
6f6204f6-f5ac-420e-acf6-a7e69abd0752,casas.credit,available,11.49,104.99,medium,low,5,namesilo,,,28/09/2026 23:52
c64b2aae-987b-4cae-8bb2-c6ce44e89ee3,underground.credit,available,11.49,104.99,high,low,11,namesilo,,,26/09/2026 00:51
a5c093f1-d1a2-46bd-addf-6682c4fda769,parietal.credit,available,9.48,131.98,medium,low,8,namecheap,,,08/09/2026 01:33
bde6c43c-3700-4bd7-b2b5-45d113713ab5,eats.credit,available,11.49,104.99,high,low,4,namesilo,,,24/09/2026 14:57
dfff21f7-54b9-4bc4-a06c-ff3ead572753,diamantine.credit,available,9.48,131.98,medium,low,10,namecheap,,,14/08/2026 05:52
4b217d1c-9e39-45e5-8c54-51a38e444835,dives.credit,available,8.48,83,high,low,5,spaceship,,,02/10/2026 13:45
49171734-6c3a-4e23-a87b-202cefdd928f,simpleness.credit,available,11.49,104.99,medium,low,10,namesilo,,,24/09/2026 13:51
4abfb201-b2f2-460a-8451-1d7f4d02331a,diego.credit,available,11.49,104.99,high,low,5,namesilo,,,26/09/2026 03:12
3ca22e66-49db-4498-8fbf-dabb47f3e405,porcine.credit,available,9.48,131.98,medium,low,7,namecheap,,,21/08/2026 10:21
f2705a25-58e0-487a-ab22-fc7a8f027b7b,msg.credit,available,11.49,104.99,high,low,3,namesilo,,,30/09/2026 05:12
fc3f300c-6e9b-479d-8daa-0d92db0e2933,widget.credit,available,9.48,131.98,high,low,6,namecheap,,,19/09/2026 21:50
f3294fc2-0679-4c50-be26-0e62fe47d657,belorussia.credit,available,9.48,131.98,medium,low,10,namecheap,,,23/09/2026 04:27
5b39675c-002d-4f27-a47e-ad30b12341c5,extrinsic.credit,available,9.48,131.98,medium,low,9,namecheap,,,17/08/2026 19:37
802a5597-3b53-4071-9c98-f308acf52dda,tacit.credit,available,9.48,131.98,high,low,5,namecheap,,,11/09/2026 06:56
b61f407f-0b5c-4eab-a89e-91a8478e80a2,kits.credit,available,9.48,131.98,high,low,4,namecheap,,,30/09/2026 07:22
7fe097f8-ee1b-43db-8afc-5d052ad7069a,jeb.credit,available,11.49,104.99,high,low,3,namesilo,,,02/10/2026 00:04
e6877675-ae56-4d0d-ad5d-54ce83ea67f9,dravidian.credit,available,8.48,83,high,low,9,spaceship,,,02/10/2026 14:52
058a049a-f4cc-4bc4-8f17-88716883ca02,nicolas.credit,available,9.48,131.98,high,low,7,namecheap,,,25/09/2026 13:18
4e2ef6e5-e13a-4ecc-97f5-91c9e07e6aee,jenny.credit,available,11.49,104.99,high,low,5,namesilo,,,30/09/2026 00:49
d1c8e0e6-c326-4895-b586-4eaae4c3255f,bother.credit,available,11.49,104.99,medium,low,6,namesilo,,,24/09/2026 07:29
902829fe-021b-4eba-845b-a80bb99adce9,barterer.credit,available,11.49,104.99,high,low,8,namesilo,,,22/09/2026 08:58
632a20ad-9964-4ed1-9d47-93c014b5b633,economical.credit,available,9.48,131.98,high,low,10,namecheap,,,24/09/2026 13:25
1bb7305a-40d7-4dec-8f91-1a11bc835679,nebulose.credit,available,9.48,131.98,medium,low,8,namecheap,,,12/08/2026 12:43
9ac5a036-ddb0-414f-a49b-ed62323bb74c,dec.credit,available,11.49,104.99,high,low,3,namesilo,,,02/10/2026 23:54
47d9fdb3-64ee-4854-8ed9-788734d1ded5,silhouettes.credit,available,9.48,131.98,medium,low,11,namecheap,,,20/09/2026 11:57
c3c462be-2ec7-4a71-be39-6fb24f2e5ae0,appro.credit,available,11.49,104.99,high,low,5,namesilo,,,19/09/2026 22:20
f09652ab-b0b4-4e8e-83c7-27db16cd44ce,legitimate.credit,available,9.48,131.98,high,low,10,namecheap,,,22/08/2026 23:04
d4c57fa1-2194-4e25-8152-f221d3eb3113,periods.credit,available,80.2,80.2,medium,low,7,cloudflare,,,28/09/2026 18:01
6b8248bd-3d6e-4c1c-af8c-4fdc2de95442,deserving.credit,available,9.48,131.98,high,low,9,namecheap,,,14/08/2026 03:29
c812279c-9feb-4a52-95e6-17af1a4dd712,aeolia.credit,available,11.49,104.99,low,low,6,namesilo,,,17/09/2026 12:34
d18360e5-403b-4697-afd0-8417e6ce5a48,lifts.credit,available,11,,medium,low,5,unstoppable,,,29/09/2026 05:05
d7f201fb-6e34-4b2f-93cc-3a1fdf2ed99f,pessimistic.credit,available,11.49,104.99,medium,low,11,namesilo,,,02/10/2026 17:42
90858f9b-975c-498d-b060-21987ce04abb,follows.credit,available,8.48,83,high,low,7,spaceship,,,27/09/2026 18:23
d3d9c934-9f26-4ffc-afa6-41a72d2acee0,lupine.credit,available,9.48,131.98,medium,low,6,namecheap,,,24/08/2026 11:39
1de36690-9371-4006-a49d-1612482fc01b,missionaries.credit,available,8.48,83,medium,low,12,spaceship,,,30/09/2026 15:09
b0b5a7e3-58d0-4014-ab48-2bd53ded6276,scribe.credit,available,11.49,104.99,high,low,6,namesilo,,,21/09/2026 03:59
10052415-24f4-467a-bdf5-e7eee3ef80bb,awny.credit,available,9.48,131.98,medium,low,4,namecheap,,,08/08/2026 01:25
ba4e9d94-870a-4391-b554-405f901e322f,magnetism.credit,available,11.49,104.99,high,low,9,namesilo,,,30/09/2026 10:31
b647766d-beec-4785-8ded-57cc6778eec2,detective.credit,available,11.49,104.99,high,low,9,namesilo,,,29/09/2026 14:16
c19cd011-e771-4f74-a584-6b396b29417c,rsc.credit,available,11,,high,low,3,unstoppable,,,02/10/2026 19:24
938d1d5f-390d-4050-ad79-eacfd0ecbdb3,thief.credit,available,8.48,83,high,low,5,spaceship,,,30/09/2026 11:55
f38853bf-8109-400b-aa06-b1a88685665f,yucky.credit,available,9.48,131.98,medium,low,5,namecheap,,,14/08/2026 10:51
e2c8ce06-d9a9-4f63-a7db-71e215d60646,sheppard.credit,available,9.48,131.98,medium,low,8,namecheap,,,27/09/2026 08:04
6fb0c29b-8d9e-4db8-866f-158733fbaed6,roadster.credit,available,9.48,131.98,high,low,8,namecheap,,,11/08/2026 08:06
d1072d77-d613-46fc-a5e0-b4d924376818,acrobatic.credit,available,9.48,131.98,high,low,9,namecheap,,,
e77fb959-6e63-45fa-93a9-59fda249e2ad,writer.credit,available,11.49,104.99,high,low,6,namesilo,,,21/09/2026 05:09
1bc96e52-3a0f-4754-9bdc-9a945b366ebc,strident.credit,available,9.48,131.98,medium,low,8,namecheap,,,12/08/2026 09:19
a82c5030-35e8-473a-8bec-5d25d8663aae,depart.credit,available,6.64,84.21,high,low,6,dynadot,,,28/09/2026 20:27
ace9920c-b14b-40c4-bd4a-922c0a9a66b1,bernadette.credit,available,9.48,131.98,medium,low,10,namecheap,,,30/09/2026 05:01
e7da4872-57cf-4374-bcec-85f55f3f06e3,affirmable.credit,available,9.48,131.98,medium,low,10,namecheap,,,
27eb075b-dba5-412e-ba04-c7264695525b,lebanese.credit,available,9.48,131.98,high,low,8,namecheap,,,22/08/2026 22:15
924b2272-ae66-47ba-ade4-e4bb027401d4,millilitre.credit,available,9.48,131.98,medium,low,10,namecheap,,,11/08/2026 22:55
fcc1e549-df44-4d63-912e-ea24ac37e70d,daylight.credit,available,11.49,104.99,high,low,8,namesilo,,,29/09/2026 13:19
1020883c-9508-4c68-a068-087adfd119b2,carries.credit,available,6.64,84.21,medium,low,7,dynadot,,,28/09/2026 04:37
2f403ee5-7450-41a0-a05f-4e8c1df59b8c,disarmed.credit,available,11,,medium,low,8,unstoppable,,,01/10/2026 16:34
7ee22451-b744-4202-a79e-0caf42aeebc7,pedro.credit,available,9.48,131.98,high,low,5,namecheap,,,28/09/2026 03:54
6b26c262-4862-44cc-ab8c-62018dc02f41,liveable.credit,available,9.48,131.98,high,low,8,namecheap,,,24/08/2026 07:44
3926c2a3-70bd-4160-afbb-21142f94adc0,manila.credit,available,8.48,83,high,low,6,spaceship,,,29/09/2026 07:06
85520f10-7789-4898-8c80-5cd0a799e902,college.credit,premium,414.2,414.2,high,low,7,spaceship,,,29/09/2026 10:16
1ca29ae9-d6b4-4fc5-9eb9-21fb9583302b,rare.credit,available,11.49,104.99,high,medium,4,namesilo,,,27/09/2026 09:46
1a3a1ed7-68df-4e75-a59e-01395c631442,heavily.credit,available,9.48,131.98,medium,low,7,namecheap,,,21/08/2026 05:28
5483bca8-c83a-4734-bc13-0ef2ae1d495d,flock.credit,available,9.48,131.98,high,low,5,namecheap,,,25/08/2026 00:21
9254ec38-4ac0-4d0a-8453-a0b2252810fc,acerbic.credit,available,9.48,131.98,medium,low,7,namecheap,,,
15da4e0c-8b8d-490f-bf1e-9fbfafc04073,amaurosis.credit,available,11.49,104.99,medium,low,9,namesilo,,,18/09/2026 16:17
a521dc26-cf77-4529-9245-7e334ad5bc49,originated.credit,available,11,,medium,low,10,unstoppable,,,29/09/2026 23:39
fc673329-b8fa-46f3-a785-db9621415fb6,incorporate.credit,available,8.48,83,high,low,11,spaceship,,,29/09/2026 02:35
7c4b8662-0726-4311-b921-e50eab2562b6,rudderless.credit,available,9.48,131.98,medium,low,10,namecheap,,,
c1382aac-a2b5-4621-8800-af0213c52323,volcano.credit,available,11,,high,low,7,unstoppable,,,30/09/2026 14:35
26f0845a-fb89-4ed9-8c43-a313d0156f5e,residents.credit,available,8.48,83,low,low,9,spaceship,,,28/09/2026 09:00
9aabdeb3-1400-41d0-a092-2c1d56ab0418,expresses.credit,available,11.49,104.99,medium,low,9,namesilo,,,30/09/2026 23:32
73c571a9-c345-4d8f-b1b3-c31a66f40704,legitimacy.credit,available,9.48,131.98,high,low,10,namecheap,,,21/09/2026 05:07
ce9e433f-0df2-4f27-a6d8-00cb0e27853b,cain.credit,available,80.2,80.2,high,low,4,cloudflare,,,28/09/2026 09:13
14b94cf5-1818-4d8e-babe-1b76f21da4a4,acrid.credit,available,9.48,131.98,medium,low,5,namecheap,,,
02da0fec-f9f9-4ae7-a508-ec9ae048c325,xeric.credit,available,9.48,131.98,medium,low,5,namecheap,,,13/09/2026 14:07
3f621560-6837-4f09-9e34-3a16952c9fbe,herbicide.credit,available,8.48,83,high,low,9,spaceship,,,30/09/2026 17:35
4dcf1e97-5636-400c-814a-a6338bf64d16,cluster.credit,available,11.49,104.99,high,low,7,namesilo,,,24/09/2026 11:12
a15b2863-bff2-45e1-b7eb-8c84cc3f5b3e,setting.credit,available,6.69,82.9,high,low,7,porkbun,,,30/09/2026 04:41
d490afcf-fbed-4200-aeb2-c9c77960ffc7,devotional.credit,available,9.48,131.98,high,low,10,namecheap,,,14/08/2026 05:15
5173b43d-e83a-4ebe-b7b7-c1b07f55594b,snacks.credit,available,11,,high,low,6,unstoppable,,,30/09/2026 00:03
4cd8f5fe-2f2b-4d2a-96b5-bd851c5b7a4c,categorical.credit,available,9.48,131.98,high,low,11,namecheap,,,02/10/2026 00:30
dd000048-e750-4372-8668-5c31b6660d8d,properly.credit,available,9.48,131.98,medium,low,8,namecheap,,,13/08/2026 21:12
ff5efd74-c1f9-4529-a0d1-2c7107027626,moore.credit,available,11.49,104.99,high,low,5,namesilo,,,27/09/2026 13:11
f3372d33-e2ee-4d96-9748-87df0131ffd3,tickling.credit,available,9.48,131.98,high,low,8,namecheap,,,11/09/2026 15:27
5c9d9d0e-92b3-46ff-96b4-7a5aa28d1b53,stippled.credit,available,9.48,131.98,medium,low,8,namecheap,,,14/08/2026 16:36
21c96434-c05e-47ef-8cc1-f718a4200943,shamanist.credit,available,9.48,131.98,medium,low,9,namecheap,,,10/09/2026 05:49
4e75ad8c-75fb-49f1-a8b1-a0e2db32737e,patched.credit,available,9.48,131.98,medium,low,7,namecheap,,,08/09/2026 10:18
e0ab26b3-8e3d-4470-bfe8-c6efde4cd29f,acrodont.credit,available,11.49,104.99,medium,low,8,namesilo,,,17/09/2026 03:41
d2dc5f92-5a61-4e9d-906b-5e5f3c6be4d6,taiping.credit,available,6.64,84.21,high,low,7,dynadot,,,01/10/2026 23:31
93aef82a-d46d-4ec7-be30-7b9f001442a2,tiles.credit,available,8.48,83,high,low,5,spaceship,,,29/09/2026 16:35
e1ca93a1-9690-42ab-8007-02720e3cdc91,supple.credit,available,9.48,131.98,high,low,6,namecheap,,,23/08/2026 11:09
e38292fc-8cad-4fdb-b0e5-d89b97f031cc,burglar.credit,available,11.49,104.99,medium,low,7,namesilo,,,30/09/2026 00:56
a88720e2-0c64-4029-b269-cb68859378c0,grandmother.credit,available,11.49,104.99,high,low,11,namesilo,,,30/09/2026 22:07
c6e8b53d-5c60-4303-ad67-802fe5341250,question.credit,available,9.48,131.98,high,low,8,namecheap,,,02/10/2026 10:29
dfd82123-9123-487f-9d37-ce93a89bad76,defiantly.credit,available,9.48,131.98,medium,low,9,namecheap,,,14/09/2026 08:33
57981d81-6eca-4af6-956d-28ac6dd4e76e,sometime.credit,available,11.49,104.99,high,low,8,namesilo,,,01/10/2026 13:35
f53a8236-c93a-4291-aedb-5cf784505b24,unrepaired.credit,available,9.48,131.98,medium,low,10,namecheap,,,12/09/2026 18:17
92f918cb-31dc-4ef9-8162-46d68799f9f0,barricade.credit,available,11.49,104.99,medium,low,9,namesilo,,,22/09/2026 08:32
3b6ec79b-4b30-4516-8250-304fd075bd7c,throwaway.credit,available,9.48,131.98,medium,low,9,namecheap,,,11/08/2026 05:13
b69ed211-83dc-4840-951d-2b019f43296e,provisory.credit,available,9.48,131.98,medium,low,9,namecheap,,,09/09/2026 04:36
943548db-6e26-4fe1-9640-384e57d555e1,importance.credit,available,8.48,83,high,low,10,spaceship,,,29/09/2026 21:24
00e319d6-b054-4cb8-a823-21665bc648b3,mena.credit,available,8.48,83,high,low,4,spaceship,,,29/09/2026 22:04
075c9afd-862a-4c40-9b00-13c8535bc0fa,ought.credit,available,11,,high,low,5,unstoppable,,,01/10/2026 04:34
3f4182f9-710c-40d0-b93d-12c22ebfd6eb,gonna.credit,available,8.48,83,medium,low,5,spaceship,,,30/09/2026 03:29
7659c89d-9178-4069-b39c-52c1d4d41ba5,speeches.credit,available,8.48,83,low,low,8,spaceship,,,28/09/2026 08:40
f4cd9a0f-33a0-4815-80c5-6c3ac90c7e0a,trouper.credit,available,11.49,104.99,medium,low,7,namesilo,,,22/09/2026 06:54
a58f5aad-e669-4bab-a16d-ca5012ed66b7,unloved.credit,available,9.48,131.98,medium,low,7,namecheap,,,12/09/2026 15:10
fc95b217-0bbc-4e10-883d-d19ad6ad597d,concoct.credit,available,11,,high,low,7,unstoppable,,,30/09/2026 17:42
96641556-6bd1-4521-a72b-707ae136f571,preview.credit,available,11.49,104.99,high,low,7,namesilo,,,30/09/2026 07:16
caacbd7b-6bc8-460d-9dd3-c8e7c1e4b23f,waxen.credit,available,9.48,131.98,medium,low,5,namecheap,,,13/09/2026 08:42
0d06bb50-2658-4aa0-93b8-8f112959e1de,contributes.credit,available,11,,medium,low,11,unstoppable,,,02/10/2026 21:06
a44c87eb-de04-4473-b0c4-b11da2b43bbe,roulette.credit,available,9.48,131.98,high,low,8,namecheap,,,01/10/2026 20:21
b3674232-b790-46a4-984b-c9c7929c766f,braw.credit,available,9.48,131.98,medium,low,4,namecheap,,,11/08/2026 02:45
ed0d3ed5-6492-49df-b4a0-dff1b205471f,inches.credit,available,11.49,104.99,low,low,6,namesilo,,,25/09/2026 20:47
af98ed85-1421-4811-9ed0-e1379d9b57cb,robbing.credit,available,11.49,104.99,medium,low,7,namesilo,,,28/09/2026 23:49
098ed43f-213e-4d9e-8d8e-58d10affeeaf,dublin.credit,available,9.48,131.98,high,low,6,namecheap,,,29/09/2026 18:12
905339a7-f6ce-4390-82d9-bb2c7346d8ad,touchable.credit,available,9.48,131.98,high,low,9,namecheap,,,11/09/2026 07:57
9f430510-adcf-4234-a43d-b7ee897ea91b,osu.credit,available,11.49,104.99,high,low,3,namesilo,,,01/10/2026 11:42
d7d13704-c08d-4c3a-98b5-463e1ac4fff5,inviolate.credit,available,9.48,131.98,medium,low,9,namecheap,,,22/08/2026 09:06
cc6abd83-e4c9-4a4f-a493-54313fc85ae0,townshend.credit,available,9.48,131.98,medium,low,9,namecheap,,,29/09/2026 04:20
d44299a8-e1cd-41ce-bcc5-c0e18187b0b1,quantized.credit,available,9.48,131.98,medium,low,9,namecheap,,,09/09/2026 07:30
a20d6e52-8ffa-489a-bf69-251b233a8958,semiotical.credit,available,9.48,131.98,medium,low,10,namecheap,,,10/09/2026 03:15
46437b50-6ead-4bde-9f46-8895cba71798,asa.credit,available,9.48,131.98,high,low,3,namecheap,,,25/09/2026 12:30
eac60a58-c95f-466b-8e0d-2809f17c93e8,dapper.credit,available,11.99,141.99,high,low,6,name.com,,,13/08/2026 17:25
edd042cb-e55a-4255-a99a-5b50e1887b76,athelstan.credit,available,9.48,131.98,medium,low,9,namecheap,,,20/09/2026 20:33
5397ede1-9ffd-488e-bf77-cb46b3720bb7,rajiv.credit,available,11.49,104.99,medium,low,5,namesilo,,,01/10/2026 23:58
1a2ce4f5-2435-41b8-8d6f-a52c386312e0,shakedown.credit,available,9.48,131.98,medium,low,9,namecheap,,,10/09/2026 05:40
2a5df512-6417-44dd-82b0-7d8f3041c21e,balanus.credit,available,9.48,131.98,medium,low,7,namecheap,,,21/09/2026 21:03
78a03b95-feaa-41a2-937b-ff73470699dd,urbino.credit,available,6.69,82.9,medium,low,6,porkbun,,,02/10/2026 09:30
c162e660-8581-43da-b530-e1aea5048f6b,infancy.credit,available,11.49,104.99,high,low,7,namesilo,,,21/09/2026 13:47
6f063235-70b9-44ee-ae4f-c6d0142ab09c,vodka.credit,available,11.49,104.99,high,low,5,namesilo,,,30/09/2026 14:34
aef3b12b-cf9b-4cf6-b125-d8291bd6eb45,feature.credit,available,9.48,131.98,high,low,7,namecheap,,,30/09/2026 13:50
b3324a43-4e0d-46c5-981d-194abae08b20,upwards.credit,available,11.49,104.99,medium,low,7,namesilo,,,28/09/2026 09:52
94930a92-dfa4-401a-89d7-0a1498142879,hamburger.credit,available,6.64,84.21,high,low,9,dynadot,,,29/09/2026 01:50
7cb31d8a-e42d-436e-be5d-51385e3d48ef,baronage.credit,available,9.48,131.98,medium,low,8,namecheap,,,22/09/2026 07:18
a5155b1f-65ba-4c1c-b176-aa77ae92fca7,arriving.credit,available,8.48,83,medium,low,8,spaceship,,,02/10/2026 17:03
99d8b247-de10-4bfb-9f00-2977cfb0247b,laura.credit,available,11.49,104.99,high,low,5,namesilo,,,02/10/2026 08:33
3bb8a272-cbb8-45e6-8da1-d8d7b24ed888,alcoholism.credit,available,9.48,131.98,medium,low,10,namecheap,,,18/09/2026 04:06
fe8593fd-5242-4aeb-991b-fc73d19791a7,peeling.credit,available,6.69,82.9,high,low,7,porkbun,,,02/10/2026 04:35
c094ee00-e5d6-4b78-aae8-a4c3f0cf635b,platter.credit,available,11.49,104.99,high,low,7,namesilo,,,29/09/2026 15:14
9e8f7595-ac9c-4708-95ca-7a0253410f21,defection.credit,available,9.48,131.98,medium,low,9,namecheap,,,19/09/2026 19:16
359b8319-8d28-46aa-a368-21bcf41d059d,ancient.credit,available,11.49,104.99,high,low,7,namesilo,,,22/09/2026 04:21
a5a2bbc0-f0cf-4b1a-aa4c-2f6327d86e99,fertile.credit,available,9.48,131.98,high,low,7,namecheap,,,18/08/2026 02:11
d3f6890a-4535-4d44-bc02-245fb2663a37,shizuoka.credit,available,8.48,83,medium,low,8,spaceship,,,02/10/2026 19:33
f899f106-65f1-47dd-95c7-8aabdaf26147,aedes.credit,available,9.48,131.98,medium,low,5,namecheap,,,17/09/2026 12:09
32f2068f-6775-4637-abaf-f7fedd916fd9,assemblage.credit,available,11.49,104.99,high,low,10,namesilo,,,17/09/2026 17:28
128b108e-0758-44f8-9ef2-f48101f83098,sid.credit,available,11.49,104.99,high,low,3,namesilo,,,25/09/2026 12:52
25102d9b-8f86-42d3-854a-a052af01f6a6,stoolie.credit,available,9.48,131.98,medium,low,7,namecheap,,,11/08/2026 16:46
d38c6fc4-63b2-4bd1-8f4d-9065bfcbadd3,allosaurus.credit,available,11.49,104.99,medium,low,10,namesilo,,,18/09/2026 12:05
707d170d-ba5e-4f4e-bbc5-1d7c0aa0c743,vital.credit,available,9.48,131.98,high,low,5,namecheap,,,18/08/2026 18:16
bec89b24-f43e-4e9e-b7e1-4be189e866f5,sweat.credit,available,6.64,84.21,high,low,5,dynadot,,,29/09/2026 17:49
b5ba58f0-0126-4595-8abd-14bf4376c1e4,inferno.credit,available,11.49,104.99,high,low,7,namesilo,,,24/09/2026 17:14
96dcbc9c-3b91-44c9-b827-4cf4bfa5ec25,enclosure.credit,available,11.49,104.99,high,low,9,namesilo,,,30/09/2026 09:32
7cf86884-7c32-417c-aba2-34e3a6dbe9ee,starting.credit,available,6.64,84.21,high,low,8,dynadot,,,28/09/2026 00:44
b4cc0485-7c3b-4c05-b24e-52710dddd285,fungous.credit,available,9.48,131.98,low,low,7,namecheap,,,18/08/2026 18:30
1e2dc789-6241-4b97-892c-f3ec3ebbede7,tactical.credit,available,9.48,131.98,high,low,8,namecheap,,,11/09/2026 07:00
50d66f99-a829-4e77-8a75-67490a9cf2b5,harte.credit,available,11.49,104.99,medium,low,5,namesilo,,,01/10/2026 01:12
d7268d2b-bbdd-4449-9946-256bb1470685,manual.credit,available,9.48,131.98,high,low,6,namecheap,,,25/09/2026 16:42
a38254fc-9d64-457e-a212-e7faff914bb0,tang.credit,available,11.49,104.99,high,low,4,namesilo,,,24/09/2026 01:32
0894839b-c6e9-487d-8adb-f1d2173e61e8,carboxyl.credit,available,9.48,131.98,medium,low,8,namecheap,,,11/08/2026 18:44
2b7339b3-3ab9-4c70-b444-8d956c869193,correctional.credit,available,11.49,104.99,medium,low,12,namesilo,,,29/09/2026 14:55
dd4f9c4e-16be-4b8a-85bb-fd9ad2d4a5ef,benthal.credit,available,9.48,131.98,medium,low,7,namecheap,,,09/08/2026 14:47
fd3b90a3-a685-40c8-991e-898349298894,turnbull.credit,available,11,,medium,low,8,unstoppable,,,28/09/2026 08:25
6b2dc72b-6dc7-4318-92f4-df9620880109,revd.credit,available,8.48,83,medium,low,4,spaceship,,,01/10/2026 23:42
09464be9-6d12-44d7-94bf-f0a0e11c90d6,montrose.credit,available,8.48,83,medium,low,8,spaceship,,,28/09/2026 04:14
d66dd635-da41-4f95-b21d-d71ccb439d64,alertness.credit,available,11.49,104.99,high,low,9,namesilo,,,18/09/2026 05:27
d6431227-5833-4164-b008-c8849f938100,principe.credit,available,11.49,104.99,medium,low,8,namesilo,,,01/10/2026 03:22
48bce47a-df7b-41e0-85cc-49bfa8c1d0da,isotopic.credit,available,9.48,131.98,medium,low,8,namecheap,,,22/08/2026 11:26
185a8862-7f9b-44ca-872f-724679bdc59b,prenuptial.credit,available,11.49,104.99,high,low,10,namesilo,,,22/09/2026 06:05
3b3efbbc-8969-4f4f-874e-3fe0b46205d0,merits.credit,available,11.49,104.99,medium,low,6,namesilo,,,29/09/2026 16:29
e0407fe8-6025-4b6d-ac2b-3d71f03c1305,inevitably.credit,available,9.48,131.98,medium,low,10,namecheap,,,15/09/2026 08:09
b534d3fc-c015-4aa3-9111-24b8a1d651d2,communist.credit,available,11.49,104.99,high,low,9,namesilo,,,23/09/2026 16:14
86d1c14b-497e-4b31-af60-65705b456aa4,associated.credit,available,6.64,84.21,medium,low,10,dynadot,,,28/09/2026 08:17
93661f2a-9e66-4203-9cd9-49d3265c2928,fram.credit,available,9.48,131.98,medium,low,4,namecheap,,,03/10/2026 04:22
123b6500-ca3d-49f9-8d78-3de7983db3ea,livermore.credit,available,11.49,104.99,medium,low,9,namesilo,,,28/09/2026 10:16
bc49f1b3-b575-4fd9-834e-995eb5909659,undone.credit,available,9.48,131.98,medium,low,6,namecheap,,,11/09/2026 01:55
8325380c-90ce-494a-94dd-6de0f6803cb9,banking.credit,premium,220,220,high,low,7,dynadot,,,29/09/2026 01:02
6d548f6c-c10f-4527-b47b-4fd0752e2f21,smokey.credit,available,80.2,80.2,high,low,6,cloudflare,,,02/10/2026 19:03
7c1a08e1-4341-412b-b023-29d2c56da425,cholera.credit,available,11.49,104.99,medium,low,7,namesilo,,,20/09/2026 14:08
63764ad7-2086-445f-983e-8d530a8e678f,lavinia.credit,available,8.48,83,high,low,7,spaceship,,,30/09/2026 05:09
129b9714-131c-4a50-8a1d-c219f0c36831,zealand.credit,available,11.49,104.99,medium,low,7,namesilo,,,29/09/2026 02:11
2dca1139-79d6-424d-978f-5f85f8dda4bf,crowder.credit,available,8.48,83,medium,low,7,spaceship,,,01/10/2026 06:58
0c2fa93b-9b9d-4989-935b-b43c767333dd,boned.credit,available,9.48,131.98,medium,low,5,namecheap,,,10/08/2026 18:34
97976900-7c84-4d3e-b4d4-97fc182ec9c0,exemption.credit,available,11.49,104.99,high,low,9,namesilo,,,30/09/2026 17:15
30d02f6e-1555-4f5f-a7f2-e12623208e7e,resinlike.credit,available,9.48,131.98,medium,low,9,namecheap,,,09/09/2026 15:11
303d8b34-08e3-457d-873c-fa5b0d3e2e1d,ney.credit,available,80.2,80.2,medium,low,3,cloudflare,,,29/09/2026 12:06
9a2ba211-9386-4d5a-9cc3-ac18996e0880,anzio.credit,available,11.49,104.99,medium,low,5,namesilo,,,19/09/2026 16:01
540f0905-f7d7-44e3-8c81-4f54f77475e4,astrolabe.credit,available,11.49,104.99,high,low,9,namesilo,,,20/09/2026 17:43
090f3514-2fe0-412d-9a9c-7c8fd8c0b66d,feasible.credit,available,9.48,131.98,high,low,8,namecheap,,,17/08/2026 16:48
ebbbc5de-f7ce-4c84-8e6f-3a608c3a7614,confirm.credit,available,11.49,104.99,high,low,7,namesilo,,,27/09/2026 05:57
4cdc7e89-10d2-4cfe-a120-ed566b07065f,affidavit.credit,available,11,,medium,low,9,unstoppable,,,28/09/2026 19:16
7c8b03b6-a6b7-4a30-b905-4099c4d03d17,arjuna.credit,available,11.49,104.99,high,low,6,namesilo,,,20/09/2026 06:08
3fc5f135-dc78-45a8-ac25-cd64f6e93c23,revival.credit,available,8.48,83,high,low,7,spaceship,,,29/09/2026 02:02
3a827dfa-7d22-453e-9504-ba76e8ac5171,elegiac.credit,available,9.48,131.98,medium,low,7,namecheap,,,16/08/2026 03:28
b3633040-5cba-4445-add8-404ed4870ae9,lounge.credit,available,9.48,131.98,high,low,6,namecheap,,,11/09/2026 08:25
c08a7717-7263-4d0b-8ea1-99ee187af330,flatter.credit,available,9.48,131.98,high,low,7,namecheap,,,29/09/2026 08:22
80fd0766-04ed-4f77-983c-2b5ee508d2eb,longest.credit,available,9.48,131.98,medium,low,7,namecheap,,,28/09/2026 16:14
16eea228-43f7-4e01-ac4f-2655046d7a94,satirical.credit,available,9.48,131.98,medium,low,9,namecheap,,,09/09/2026 21:49
b284bd05-604f-44ec-98a8-ef216aa5467a,phil.credit,available,8.48,83,high,medium,4,spaceship,,,02/10/2026 08:48